house_id,area_sqft,bedrooms,bathrooms,floors,year_built,garage,locality,distance_to_city_km,school_rating,renovated,condition,price_inr
HSE76292,1887,4,3,1,1976,0,Urban,9.5,7.4,0,Average,139.13
HSE98254,2078,3,2,1,1981,1,Urban,7.7,9.4,0,Average,147.36
HSE45178,1614,4,4,1,1985,1,Urban,8.7,7.3,0,Good,160.27
HSE78189,2339,2,1,1,2007,0,Suburban,13.7,6.8,0,Excellent,142.87
HSE11370,2213,4,3,2,2016,1,Urban,7.5,3.2,0,Excellent,177.88
HSE83832,1078,3,2,2,2003,1,Suburban,27.4,3.9,0,Excellent,107.78
HSE22562,1721,5,4,2,2000,1,Rural,69.8,8.6,0,Good,118.72
HSE44274,1433,2,2,1,2022,1,Suburban,12.9,4.7,1,Good,129.21
HSE69439,2134,2,1,2,1983,1,Urban,9.9,6.3,0,Good,156.12
HSE56816,1668,5,4,1,2009,1,Suburban,19.1,7.3,1,Good,158.17
HSE81441,1918,4,4,2,1991,0,Urban,4.7,9.2,1,Good,171.13
HSE70923,2484,3,3,3,1990,1,Urban,9.8,3.4,0,Poor,150.53
HSE50301,901,2,1,3,1991,1,Urban,2.5,7.5,0,Excellent,119.2
HSE34420,572,3,2,1,2015,1,Suburban,18.2,6.7,0,Good,98.94
HSE70884,1832,4,3,1,1996,1,Urban,4.0,6.4,1,Average,172.28
HSE12155,1464,3,2,1,1992,1,Urban,9.4,8.1,1,Good,145.53
HSE35663,1094,3,2,1,2011,1,Urban,4.1,4.8,0,Average,124.05
HSE74058,2930,2,1,1,1985,1,Suburban,14.3,9.5,0,Good,170.3
HSE18572,1870,4,3,1,1992,1,Suburban,14.3,8.4,1,Average,155.54
HSE87484,2155,3,2,1,1983,1,Rural,59.3,3.3,0,Poor,78.63
HSE18335,1702,3,3,1,1990,1,Suburban,19.9,4.0,1,Good,127.09
HSE52737,2339,2,1,1,2009,0,Rural,49.8,6.3,0,Excellent,127.9
HSE34271,1119,3,2,1,1978,1,Suburban,14.5,7.9,1,Good,121.29
HSE72710,1254,2,2,1,1996,1,Suburban,29.5,5.8,0,Excellent,110.17
HSE49759,1587,3,3,2,1985,0,Suburban,21.3,5.3,0,Good,122.7
HSE39370,1668,2,2,2,2012,1,Urban,3.7,5.5,1,Excellent,154.58
HSE03277,2054,2,1,1,2015,1,Urban,3.3,6.6,0,Good,159.68
HSE69372,1448,2,1,1,2000,1,Urban,6.4,4.5,0,Average,126.14
HSE58725,2750,4,4,2,2009,1,Urban,6.3,4.7,0,Average,190.43
HSE59658,2662,4,3,1,1995,0,Urban,1.9,8.5,1,Average,181.31
HSE83173,1579,2,2,1,2015,1,Suburban,11.4,4.9,1,Average,114.78
HSE16491,3348,3,3,1,2011,1,Urban,6.3,3.2,1,Average,198.45
HSE11381,988,2,1,2,2011,0,Suburban,14.1,3.6,0,Good,82.46
HSE75293,2097,3,3,1,2014,0,Rural,56.3,4.6,1,Good,97.85
HSE07290,842,2,1,2,2011,1,Urban,2.7,8.4,1,Excellent,133.97
HSE36153,987,2,1,1,2014,1,Urban,7.5,6.5,1,Average,128.51
HSE96679,1407,3,3,1,1985,0,Rural,63.9,3.3,0,Excellent,83.78
HSE33922,1664,5,4,1,2000,0,Suburban,27.2,7.9,1,Good,160.21
HSE72154,2416,4,4,1,2009,0,Suburban,27.0,7.3,1,Average,145.09
HSE15170,2497,2,1,1,2022,0,Urban,2.0,9.4,0,Average,165.94
HSE83092,908,3,3,2,1987,0,Suburban,11.4,4.5,0,Excellent,110.11
HSE73349,2002,3,2,1,2006,1,Suburban,17.5,,0,Excellent,149.54
HSE53655,1597,2,2,1,1972,0,Urban,8.2,3.0,0,Excellent,133.44
HSE14982,1169,2,1,1,1976,1,Urban,10.0,8.3,0,Average,121.23
HSE32293,1833,3,3,2,1990,1,Urban,7.4,9.4,0,Average,149.77
HSE55633,918,3,2,1,1977,1,Suburban,25.5,5.0,1,Excellent,113.9
HSE54615,1052,4,4,1,1980,1,Suburban,13.5,5.9,0,Average,106.91
HSE76244,2635,3,3,1,1972,1,Suburban,22.4,4.4,1,Good,161.39
HSE69050,3516,2,2,3,2002,1,Suburban,11.8,3.3,0,Excellent,192.82
HSE10714,1942,3,3,2,2017,1,Suburban,22.8,6.1,0,Good,133.62
HSE24683,2236,2,2,2,1993,0,Rural,72.0,4.0,0,Good,97.75
HSE53965,1792,2,1,1,2005,1,Urban,4.3,8.5,1,Good,149.59
HSE99121,1720,3,2,3,2009,0,Rural,79.6,7.5,0,Good,81.92
HSE70605,2594,1,1,2,1993,1,Urban,9.4,7.5,0,Excellent,173.86
HSE09807,1032,3,3,1,2007,0,Rural,32.0,,0,Poor,71.02
HSE23997,2079,3,3,2,1995,0,Suburban,17.7,7.0,1,Average,132.54
HSE03528,1986,3,3,1,2000,1,Urban,4.7,5.4,0,Excellent,155.57
HSE38823,1717,2,1,1,1973,1,Suburban,,3.6,0,Good,127.93
HSE16352,2173,3,3,3,1993,1,Urban,1.8,9.0,1,Excellent,188.6
HSE15393,1743,2,2,1,2007,0,Urban,7.8,4.0,1,Good,137.83
HSE45949,1485,3,2,3,1987,1,Urban,8.5,7.3,0,Average,127.07
HSE68080,2698,3,3,2,1985,1,Suburban,15.5,8.2,0,Average,167.4
HSE63834,1954,3,2,1,2012,1,Rural,63.8,4.6,0,Good,511.20544090205385
HSE52013,1578,3,3,3,1974,1,Suburban,11.7,5.4,0,Good,131.06
HSE18393,2190,3,3,1,2013,1,Suburban,19.7,4.3,0,Good,138.76
HSE09475,1138,4,3,1,2021,1,Suburban,15.5,3.2,0,Average,117.56
HSE17595,2440,3,3,1,1986,1,Rural,74.7,7.1,0,Good,102.55
HSE36480,2274,4,4,1,1977,1,Urban,5.9,4.3,1,Average,160.6
HSE24788,1120,3,3,1,1999,0,Urban,4.6,4.1,0,Good,128.88
HSE45330,1754,5,4,2,1979,0,Suburban,29.5,7.3,0,Average,140.71
HSE89508,2778,3,2,3,1977,0,Urban,2.9,9.3,0,Good,173.79
HSE49962,2196,4,4,2,1995,1,Urban,9.8,3.9,1,Good,172.02
HSE75248,1880,3,3,1,1985,1,Rural,30.8,8.3,0,Excellent,107.86
HSE47316,2516,2,1,1,1994,0,Urban,2.7,8.3,0,Excellent,167.16
HSE25530,400,2,1,2,2020,1,Rural,36.6,9.9,1,Good,88.32
HSE14918,1999,5,5,2,2017,1,Suburban,22.7,7.7,0,Good,150.27
HSE51177,1789,2,1,1,2002,0,Suburban,17.7,5.9,0,Average,105.31
HSE80624,2771,3,3,2,2004,0,Suburban,13.4,5.4,0,Good,156.38
HSE40294,1851,1,1,1,1980,1,Urban,5.9,8.1,1,Good,153.93
HSE28081,1447,2,1,1,1985,1,Suburban,12.9,8.9,0,Average,109.07
HSE87209,400,4,4,1,2011,1,Rural,59.5,5.5,0,Average,49.6
HSE51557,2361,3,3,3,1996,0,Suburban,,4.0,0,Excellent,148.38
HSE71084,2587,4,3,2,2020,1,Rural,63.2,,1,Excellent,157.27
HSE25874,1878,4,4,2,1987,1,Suburban,21.8,5.8,1,Excellent,159.33
HSE40132,1550,3,3,2,2002,1,Suburban,10.7,3.6,0,Average,105.37
HSE27339,2241,3,3,1,1979,0,Urban,3.6,9.0,1,Poor,168.88
HSE41171,1560,2,2,1,1987,1,Rural,42.9,8.5,1,Average,88.9
HSE18533,1157,3,2,2,2011,1,Rural,35.7,4.2,0,Average,67.97
HSE50979,1266,2,1,1,1999,1,Urban,8.2,7.9,0,Average,121.6
HSE13505,1770,2,1,1,1995,0,Suburban,12.8,4.8,1,Excellent,142.68
HSE05519,1598,3,3,2,2006,1,Suburban,15.4,5.1,0,Excellent,142.84
HSE07044,1768,3,2,2,2015,1,Urban,5.3,9.8,0,Good,160.7
HSE05324,1663,3,3,1,2009,1,Suburban,27.6,4.6,0,Average,117.21
HSE89722,1983,2,2,1,2018,1,Suburban,17.5,9.9,0,Excellent,163.93
HSE17930,2582,1,1,3,1983,1,Rural,41.7,4.7,0,Good,119.45
HSE74140,2356,3,3,2,1996,1,Rural,64.9,9.2,0,Good,131.19
HSE16547,1458,3,3,2,2006,0,Suburban,14.5,4.8,0,Average,110.35
HSE18518,2447,4,3,1,1971,1,Suburban,28.0,6.1,0,Good,148.16
HSE39601,1369,4,3,2,2011,1,Suburban,24.6,5.0,1,Average,113.77
HSE86201,1938,2,2,1,1997,1,Urban,8.9,4.7,0,Good,135.6
HSE91543,836,3,3,1,1970,1,Rural,46.7,3.9,1,Good,83.61
HSE56047,1112,2,1,3,1976,1,Urban,8.5,5.8,0,Good,120.37
HSE53105,2386,3,3,1,1985,1,Urban,2.9,9.7,1,Good,172.49
HSE65369,1410,4,4,2,1975,0,Urban,6.1,5.2,0,Average,126.34
HSE67239,1502,1,1,3,2021,0,Urban,1.6,8.7,1,Excellent,133.68
HSE44125,2714,4,4,1,1996,1,Urban,7.3,7.3,1,Good,204.55
HSE25289,1492,4,3,1,2005,1,Rural,70.7,8.2,0,Good,105.0
HSE30430,2273,3,3,1,2010,1,Rural,72.4,4.8,0,Good,108.54
HSE18963,774,3,3,1,1995,1,Suburban,18.6,8.3,1,Good,112.36
HSE20678,2515,4,3,2,1977,1,Rural,39.4,7.0,0,Average,129.96
HSE35903,1836,3,3,2,1998,0,Rural,69.0,9.5,0,Good,88.27
HSE78658,2068,4,4,2,1982,1,Rural,76.6,5.8,1,Good,111.49
HSE08787,3017,2,1,2,2003,0,Urban,7.4,5.6,1,Good,168.58
HSE85182,2759,3,2,1,1986,1,Rural,54.6,3.2,0,Average,119.83
HSE42317,1661,3,2,1,1972,0,Urban,4.9,,1,Good,158.92
HSE07492,2163,4,4,1,2019,1,Suburban,16.2,4.9,0,Excellent,160.66
HSE62829,2398,4,4,1,1986,1,Suburban,24.9,4.3,1,Average,159.48
HSE36651,2564,1,1,2,2014,1,Urban,7.4,5.5,1,Average,173.38
HSE13288,2602,4,3,1,1983,1,Rural,43.2,3.1,1,Average,117.76
HSE93581,1369,3,3,2,2019,1,Urban,7.4,8.7,0,Poor,131.37
HSE90940,1255,2,2,1,1999,1,Urban,1.7,5.5,1,Good,140.85
HSE65840,1401,3,3,1,1979,1,Rural,49.7,7.8,1,Excellent,108.06
HSE86995,1909,5,5,3,1984,0,Urban,3.9,5.8,0,Excellent,170.2
HSE47625,1311,3,3,1,1973,1,Rural,41.6,7.0,1,Excellent,105.92
HSE08051,1270,2,2,2,1992,1,Suburban,23.7,4.9,0,Excellent,99.66
HSE05620,2326,3,3,1,1972,1,Rural,40.9,3.2,1,Good,107.07
HSE21820,1565,3,3,2,2001,0,Suburban,21.1,9.1,1,Good,142.85
HSE10066,1591,3,2,1,1973,0,Urban,3.2,5.5,1,Good,135.68
HSE64972,1906,3,2,1,1988,1,Urban,7.5,5.4,1,Average,157.76
HSE98002,1737,2,2,1,2000,0,Rural,67.5,4.2,0,Average,69.55
HSE17499,1637,3,2,1,2021,1,Suburban,18.5,8.7,0,Average,124.64
HSE47012,1722,2,2,2,1972,1,Suburban,19.4,5.9,0,Good,114.72
HSE07285,2014,4,4,1,2006,0,Suburban,29.8,8.6,0,Good,140.47
HSE69387,1684,3,2,2,1990,0,Urban,3.3,5.9,1,Good,145.87
HSE46229,1273,4,4,2,2020,1,Suburban,18.1,3.2,0,Average,104.73
HSE95657,1866,3,2,2,2020,0,Rural,67.0,9.1,0,Excellent,96.6
HSE35131,2288,1,1,3,2014,1,Suburban,25.2,3.8,0,Average,133.46
HSE99945,1565,2,1,1,1992,1,Urban,1.5,6.3,0,Good,143.72
HSE23604,928,3,3,1,2011,1,Urban,2.3,5.9,0,Good,128.3
HSE11669,2489,4,3,1,2020,0,Urban,2.5,6.6,0,Good,174.11
HSE96341,425,3,3,1,2018,1,Urban,,5.2,0,Good,119.37
HSE15554,2582,2,1,3,1983,1,Suburban,17.4,7.2,0,Excellent,153.14
HSE31077,400,4,4,2,2014,1,Rural,51.6,5.8,1,Average,79.15
HSE53857,1414,2,2,1,1977,1,Rural,62.1,6.6,0,Average,83.1
HSE05179,2162,2,2,2,1997,1,Suburban,18.7,8.4,1,Excellent,155.99
HSE14851,1953,3,3,1,2006,1,Suburban,25.2,8.7,0,Good,142.53
HSE92940,1804,3,3,1,1985,1,Suburban,16.4,9.6,0,Good,129.47
HSE60328,1089,3,3,1,2019,0,Suburban,12.1,9.0,1,Average,125.18
HSE10761,2266,5,4,1,2004,0,Suburban,13.5,5.9,1,Excellent,148.71
HSE66841,1076,3,3,1,2015,1,Suburban,22.0,5.1,0,Poor,101.01
HSE69063,1869,3,2,1,2010,0,Urban,3.9,5.7,1,Good,165.31
HSE37182,993,3,3,1,2009,1,Urban,4.9,3.4,1,Average,126.21
HSE58283,2938,2,2,1,2016,1,Urban,9.7,3.2,1,Average,430.36239975596817
HSE70684,1488,3,3,1,1983,1,Urban,9.4,5.3,1,Excellent,150.99
HSE61462,755,3,3,1,1971,0,Suburban,24.4,4.0,0,Excellent,84.12
HSE97410,1577,2,2,1,2005,0,Urban,9.1,8.2,1,Excellent,160.68
HSE17021,2518,3,3,1,2017,1,Suburban,21.2,7.6,1,Average,161.39
HSE59170,1205,2,2,1,1970,1,Urban,6.3,9.0,0,Good,118.02
HSE85451,951,3,2,1,2018,0,Suburban,10.9,9.9,1,Excellent,111.59
HSE27973,1488,2,2,1,1977,1,Urban,2.8,6.2,0,Good,131.1
HSE29532,960,4,3,1,2021,1,Urban,3.0,7.8,0,Average,128.1
HSE66996,1309,3,3,2,1999,1,Suburban,28.7,8.8,0,Excellent,121.44
HSE92988,2403,3,3,1,1991,0,Urban,8.0,4.8,0,Good,170.17
HSE11198,1348,3,2,3,2018,1,Urban,3.4,7.6,0,Excellent,150.26
HSE35337,1401,4,4,3,1971,1,Suburban,10.3,7.7,1,Good,139.48
HSE92107,914,3,2,1,2021,1,Suburban,18.3,6.1,0,Good,100.99
HSE39762,2534,1,1,2,2007,0,Rural,52.9,9.4,0,Good,113.43
HSE86898,1734,3,3,3,2020,1,Rural,30.5,9.9,0,Excellent,129.92
HSE26662,2024,2,2,1,1989,1,Urban,2.8,7.7,0,Average,156.07
HSE72840,1894,4,3,1,2008,1,Suburban,16.4,8.9,1,Average,161.27
HSE32686,1122,3,3,3,1993,1,Suburban,16.6,6.0,1,Average,114.54
HSE22723,2229,3,3,1,1977,0,Urban,6.2,5.8,0,Good,159.55
HSE80897,2331,2,2,3,2021,1,Suburban,25.4,8.8,1,Average,153.84
HSE82833,1214,1,1,1,1989,0,Urban,7.3,4.2,1,Good,116.54
HSE06926,1631,4,4,1,1978,0,Urban,1.4,9.5,0,Good,154.95
HSE62245,1894,2,2,2,2008,0,Urban,4.2,4.3,1,Poor,129.0
HSE15433,1753,5,4,1,1989,1,Rural,70.3,9.6,0,Excellent,121.29
HSE08654,1623,2,1,1,1983,1,Suburban,29.9,7.0,0,Average,110.43
HSE07845,2378,3,3,2,2003,1,Urban,1.4,7.1,1,Good,189.76
HSE04586,1010,5,5,1,2014,1,Suburban,15.1,6.3,1,Excellent,137.18
HSE92637,1544,4,4,2,2012,1,Urban,9.5,6.7,0,Excellent,158.66
HSE47093,1299,3,2,1,1991,0,Suburban,20.7,8.1,0,Average,109.18
HSE85158,1610,3,2,1,1999,1,Rural,37.3,6.6,0,Excellent,108.3
HSE99728,2616,3,3,1,2000,1,Urban,2.2,9.3,0,Excellent,205.07
HSE60902,2853,3,3,3,2018,1,Suburban,24.8,6.7,1,Average,157.13
HSE43919,2114,3,3,1,1986,1,Rural,46.1,9.0,0,Good,129.29
HSE89390,1565,5,5,2,1980,1,Rural,50.9,8.8,1,Poor,108.97
HSE86231,809,1,1,2,2022,1,Urban,8.1,9.7,1,Good,139.02
HSE12858,905,4,4,3,1978,1,Urban,2.0,4.2,0,Good,123.3
HSE82315,2115,3,3,3,2011,0,Urban,3.8,7.8,0,Average,150.64
HSE64477,1234,1,1,2,1991,0,Urban,2.0,7.8,0,Good,117.19
HSE34018,1207,1,1,2,2013,0,Suburban,10.5,6.9,0,Excellent,115.74
HSE13023,2334,4,4,1,2021,1,Urban,9.5,8.2,1,Average,166.53
HSE34524,2442,3,3,2,2013,1,Suburban,19.7,7.5,0,Excellent,168.74
HSE33706,2519,3,3,1,1979,1,Urban,9.0,7.8,1,Good,186.36
HSE99202,1750,2,1,1,1991,0,Urban,8.6,4.4,1,Good,136.11
HSE46432,1095,3,3,1,1996,0,Rural,37.4,3.6,0,Good,74.37
HSE08649,1608,3,2,3,2000,1,Urban,2.5,3.6,1,Good,159.77
HSE51824,1328,2,2,2,1996,1,Suburban,29.9,3.7,1,Poor,97.83
HSE98920,901,2,2,2,1982,1,Suburban,22.7,7.6,0,Good,90.47
HSE73499,1352,3,3,2,2020,1,Suburban,10.9,7.8,1,Excellent,134.23
HSE82092,2686,3,2,2,1987,0,Urban,9.1,9.2,0,Excellent,197.33
HSE33312,2269,3,2,1,1996,1,Rural,45.2,8.5,1,Good,142.62
HSE30490,1184,3,3,2,2014,0,Urban,2.2,6.9,0,Poor,123.49
HSE04477,832,5,4,1,1996,1,Urban,3.5,4.4,0,Average,120.42
HSE63983,2917,2,2,1,1975,1,Urban,7.7,5.5,0,Excellent,184.05
HSE75635,679,4,3,2,2013,1,Suburban,11.2,6.3,1,Average,113.63
HSE31588,1233,3,2,1,1975,0,Urban,7.0,8.1,0,Average,131.29
HSE97575,2402,3,3,2,2020,0,Suburban,13.9,6.8,1,Excellent,150.49
HSE10404,1073,3,2,2,2012,1,Suburban,14.7,8.2,0,Good,115.81
HSE05708,2449,4,4,2,1983,1,Urban,8.9,,1,Average,178.55
HSE44797,1394,5,5,2,1989,1,Suburban,13.4,3.3,0,Average,119.5
HSE67492,2157,3,3,3,1978,0,Urban,9.9,7.8,0,Good,159.29
HSE69022,1553,3,3,1,2008,1,Urban,5.1,4.9,0,Poor,121.71
HSE31370,2819,3,2,2,2018,1,Urban,5.7,7.2,0,Good,177.61
HSE83587,1534,2,1,1,1989,1,Rural,48.2,8.8,1,Poor,91.61
HSE88808,1970,2,2,1,1984,1,Urban,6.2,3.2,1,Average,152.54
HSE94687,2252,3,3,2,2009,0,Suburban,20.2,6.4,0,Poor,121.33
HSE12610,1900,2,2,2,1998,1,Suburban,15.0,7.0,0,Excellent,155.21
HSE48213,2177,3,2,1,1992,1,Rural,52.4,5.0,1,Excellent,129.83
HSE81962,1507,4,3,1,1982,1,Suburban,13.4,7.2,0,Excellent,145.94
HSE95959,1338,4,4,2,2016,0,Rural,61.2,6.6,0,Good,87.77
HSE26184,1230,3,2,1,1997,0,Urban,6.9,4.1,1,Average,131.8
HSE50607,2363,3,2,2,1988,0,Suburban,11.6,4.9,0,Average,133.31
HSE41785,1690,4,4,1,1973,0,Suburban,18.0,8.8,0,Average,129.71
HSE05720,1921,2,1,1,2015,1,Urban,4.9,6.3,0,Average,152.53
HSE64805,1475,2,2,1,1973,1,Urban,,7.9,0,Excellent,142.8
HSE52518,1398,2,2,1,1978,1,Suburban,23.4,4.1,0,Good,113.94
HSE06874,1683,3,3,3,2014,1,Suburban,24.9,6.2,1,Average,141.96
HSE04822,1838,3,3,2,1982,1,Urban,3.3,5.1,0,Good,163.82
HSE81095,1354,4,3,2,1989,1,Urban,2.8,5.4,0,Good,144.01
HSE45496,939,4,4,1,1978,1,Suburban,14.7,3.3,0,Excellent,114.96
HSE76893,903,3,2,1,2016,1,Urban,3.0,9.4,0,Average,129.23
HSE62347,1069,3,3,2,1991,0,Urban,4.8,6.4,0,Poor,105.38
HSE32977,2004,2,2,1,1973,0,Suburban,23.7,5.8,1,Good,141.94
HSE91701,1980,3,3,1,2012,0,Suburban,20.6,6.2,1,Good,145.78
HSE01602,2413,4,3,3,2018,1,Urban,4.0,6.5,1,Good,198.88
HSE33018,1592,4,4,2,2004,1,Urban,6.6,4.7,0,Poor,123.69
HSE08917,1053,3,3,2,1993,1,Suburban,12.5,3.4,0,Good,86.77
HSE99273,1764,3,2,2,1974,1,Suburban,24.5,9.8,0,Excellent,138.35
HSE39432,2475,3,3,1,1996,1,Suburban,18.2,8.3,0,Average,145.08
HSE49434,1660,3,3,2,1996,0,Suburban,24.1,8.6,0,Average,123.06
HSE00584,3383,4,4,1,2011,1,Suburban,27.8,,1,Average,186.7
HSE24142,595,2,1,3,2001,1,Rural,76.7,3.0,1,Average,37.75
HSE84484,1348,4,3,2,2013,1,Suburban,25.9,3.6,1,Average,119.34
HSE75639,1722,4,3,1,1972,1,Rural,79.0,7.5,1,Excellent,115.87
HSE91022,2732,3,3,1,1982,0,Urban,8.5,8.2,0,Good,173.64
HSE66012,1516,3,2,1,1995,1,Suburban,11.8,6.3,0,Poor,113.1
HSE82267,1740,1,1,3,2014,0,Urban,5.2,8.8,0,Good,139.85
HSE04144,1805,4,4,2,1985,0,Rural,41.9,5.7,0,Poor,83.83
HSE12103,2654,3,3,2,1992,1,Urban,9.4,5.7,0,Good,170.13
HSE67406,1752,3,3,2,2019,0,Suburban,11.2,4.0,0,Poor,103.31
HSE20204,1256,3,3,1,2003,1,Urban,3.2,6.4,0,Good,122.29
HSE72623,1597,3,3,1,1971,0,Urban,9.5,5.3,0,Average,126.02
HSE31069,2816,3,3,1,1991,0,Suburban,18.9,5.2,1,Excellent,174.2
HSE81999,2767,3,3,1,2005,1,Suburban,25.1,4.2,0,Excellent,173.06
HSE93904,2053,3,2,1,2008,1,Urban,8.7,8.5,0,Good,157.8
HSE30955,1762,4,4,2,1980,1,Suburban,10.7,8.4,1,Excellent,155.56
HSE03455,1390,4,4,3,1997,1,Rural,67.0,3.4,0,Good,80.46
HSE52260,976,1,1,1,2013,1,Urban,1.4,5.7,0,Good,129.55
HSE50056,1687,3,2,1,1990,1,Suburban,11.3,9.7,0,Good,136.76
HSE99726,2420,3,2,1,1994,1,Suburban,25.3,4.8,0,Excellent,154.36
HSE49339,2091,4,3,1,1970,0,Rural,48.7,3.1,0,Excellent,107.91
HSE07813,2265,3,2,1,2005,0,Suburban,21.7,6.2,0,Good,140.7
HSE10193,2487,5,4,1,1988,1,Suburban,26.0,3.4,0,Good,529.7447784004344
HSE79063,1116,3,3,1,1994,1,Suburban,15.2,3.6,1,Good,110.4
HSE11360,1566,3,3,1,1999,0,Suburban,10.5,4.3,0,Average,112.91
HSE51366,1548,3,3,2,2016,0,Urban,2.6,5.9,1,Excellent,148.18
HSE36047,1792,4,4,1,2008,0,Urban,4.5,8.4,1,Good,174.21
HSE02385,1823,1,1,1,2006,0,Suburban,13.0,4.8,0,Excellent,118.02
HSE85581,1533,3,2,1,1990,0,Suburban,18.8,9.9,0,Good,134.98
HSE57132,1679,5,5,1,1984,0,Suburban,11.5,6.1,0,Excellent,142.33
HSE23498,835,3,3,2,1984,0,Suburban,27.0,5.5,0,Average,72.29
HSE01435,1993,3,3,1,1996,1,Urban,4.3,5.0,1,Excellent,176.31
HSE81140,1743,3,2,2,1985,0,Urban,8.9,3.4,1,Good,146.79
HSE52596,1757,3,3,2,1980,0,Suburban,16.8,8.9,0,Good,129.16
HSE28303,1637,3,3,1,1993,1,Urban,2.7,4.2,0,Average,137.79
HSE38892,1358,2,2,1,2001,1,Rural,32.6,9.3,1,Good,97.4
HSE99054,3218,3,3,1,1999,1,Urban,4.0,,1,Average,203.58
HSE78013,1685,3,3,2,2001,1,Urban,4.4,8.7,0,Excellent,169.77
HSE08807,1843,5,5,3,1978,0,Suburban,25.5,3.8,1,Excellent,137.39
HSE26642,1718,2,2,1,2005,0,Urban,1.7,3.8,1,Good,139.08
HSE11514,2227,5,4,2,1993,0,Suburban,18.5,9.4,0,Good,153.08
HSE65203,2342,2,1,1,1975,0,Rural,62.5,8.9,0,Average,94.37
HSE28629,2131,2,1,3,1996,0,Suburban,24.6,9.5,0,Good,138.84
HSE41241,1683,4,3,2,2009,1,Urban,5.6,7.8,1,Average,163.66
HSE62725,1444,2,1,1,2016,1,Urban,3.5,9.8,1,Excellent,157.12
HSE66948,1858,3,3,2,1980,0,Suburban,15.9,3.1,1,Good,133.92
HSE83504,729,4,4,1,1979,1,Suburban,11.8,7.1,1,Average,99.7
HSE77414,653,3,3,2,1995,0,Suburban,22.9,9.6,1,Excellent,99.56
HSE07255,3183,3,3,1,1997,1,Suburban,16.9,6.0,0,Good,173.61
HSE88622,2336,4,4,2,1970,1,Urban,4.7,3.5,1,Average,163.19
HSE74466,2399,2,2,2,2020,1,Rural,53.5,5.1,0,Average,118.22
HSE99053,2989,3,2,1,2021,1,Urban,5.2,5.9,0,Average,185.56
HSE84581,2128,3,3,1,2018,0,Suburban,11.4,,1,Average,158.27
HSE23395,1979,3,2,1,1980,1,Rural,68.1,10.0,1,Poor,103.25
HSE39825,756,4,4,1,1974,1,Suburban,23.7,8.9,0,Good,120.26
HSE40037,1720,2,2,2,2012,1,Suburban,22.2,3.3,0,Poor,101.79
HSE47859,1157,2,2,3,2019,0,Rural,51.4,8.1,0,Poor,60.53
HSE82183,2355,4,3,1,2021,0,Rural,50.2,9.4,1,Excellent,141.55
HSE13112,785,3,3,3,1985,1,Suburban,14.3,5.4,0,Excellent,105.65
HSE32757,2855,3,3,1,1972,1,Urban,6.3,6.9,0,Average,151.86
HSE33419,2942,3,2,3,1998,1,Urban,5.8,7.9,0,Average,173.93
HSE78263,1632,5,5,1,1980,1,Suburban,16.0,5.1,1,Average,134.12
HSE65390,678,4,3,2,1986,1,Urban,7.8,4.5,1,Good,104.38
HSE79233,1361,3,3,3,2014,1,Urban,6.1,5.6,0,Average,128.25
HSE54580,1713,4,3,2,2019,1,Urban,7.8,4.8,0,Good,149.14
HSE30437,1755,3,2,1,1992,0,Urban,5.4,3.6,0,Good,141.23
HSE45109,1125,2,2,1,1977,1,Urban,7.6,3.5,1,Good,119.62
HSE41457,1211,3,2,1,2020,0,Suburban,12.8,9.4,1,Good,135.21
HSE64105,1658,3,3,1,1975,1,Urban,4.9,3.2,0,Average,135.17
HSE02748,1613,3,2,1,1998,1,Urban,9.2,3.2,0,Average,128.14
HSE18888,562,4,4,2,2013,1,Urban,2.6,5.5,0,Average,130.08
HSE41255,2114,3,2,1,1989,1,Urban,4.8,7.0,0,Poor,143.22
HSE23449,2717,3,2,1,1994,1,Urban,2.6,3.6,0,Average,156.76
HSE89446,1573,4,3,1,2016,1,Suburban,19.9,9.6,0,Good,148.39
HSE22328,2159,3,3,1,2005,1,Rural,64.8,5.1,0,Excellent,114.39
HSE33788,2549,3,3,1,2007,1,Suburban,18.3,6.3,0,Average,158.11
HSE49111,854,4,4,2,2004,1,Suburban,28.6,4.7,1,Good,114.28
HSE75613,1896,3,2,1,1993,1,Urban,7.8,3.6,0,Average,140.86
HSE35302,1254,2,1,2,1996,1,Rural,41.3,6.4,0,Good,75.08
HSE80229,1836,3,2,1,1978,1,Urban,1.2,9.9,0,Good,152.77
HSE94729,2724,3,2,2,1999,1,Urban,9.3,6.3,0,Average,182.18
HSE42205,829,3,3,1,1974,1,Urban,3.2,9.6,1,Average,120.53
HSE17328,1579,4,4,1,1995,1,Suburban,29.2,5.0,0,Poor,102.46
HSE70259,1709,2,2,2,1988,1,Suburban,27.2,9.2,0,Good,130.04
HSE66662,2352,3,3,1,1983,1,Rural,42.7,6.9,0,Excellent,132.7
HSE98634,1387,2,2,1,2009,0,Suburban,22.8,9.1,0,Excellent,122.66
HSE98414,2055,3,3,1,2022,1,Rural,67.8,4.9,1,Good,134.27
HSE03003,1620,2,1,1,2005,0,Urban,5.3,6.0,0,Excellent,148.49
HSE80417,1703,3,3,1,2004,1,Rural,65.5,3.1,0,Average,80.06
HSE03765,1837,2,2,3,1972,1,Urban,4.6,3.2,0,Average,121.17
HSE72234,1139,3,2,1,2000,1,Suburban,13.9,,0,Excellent,105.18
HSE44175,1397,3,2,2,2022,0,Rural,78.2,3.2,1,Good,72.49
HSE02075,1672,3,3,2,1981,1,Urban,4.2,3.0,0,Good,142.84
HSE97123,2002,3,3,3,1987,0,Urban,7.6,6.0,0,Average,126.14
HSE82779,2189,2,1,1,1970,1,Urban,,7.7,0,Good,147.44
HSE29713,881,3,2,1,1993,0,Urban,5.4,5.3,0,Excellent,122.01
HSE44453,1594,3,2,1,2002,1,Suburban,24.1,5.7,1,Good,126.58
HSE90542,2844,4,4,1,1975,1,Suburban,11.3,7.5,1,Excellent,187.8
HSE82922,2139,2,2,2,1990,1,Suburban,16.0,9.6,0,Poor,126.2
HSE93013,1197,3,3,2,1979,1,Rural,77.2,3.4,1,Good,79.15
HSE60524,2792,3,3,2,2019,1,Rural,40.7,5.9,0,Good,140.82
HSE56231,1235,3,2,2,1993,1,Urban,4.4,,1,Good,157.89
HSE86512,774,4,4,2,2010,1,Urban,9.4,5.3,0,Good,131.97
HSE35146,2383,4,4,1,1994,1,Urban,2.5,6.1,0,Good,177.57
HSE98539,3115,4,3,3,1980,1,Suburban,17.9,7.4,1,Excellent,182.76
HSE18713,1490,4,4,1,1982,1,Suburban,25.4,9.3,1,Poor,137.69
HSE39118,1679,3,2,3,1999,1,Suburban,13.1,7.5,1,Poor,119.15
HSE18382,1746,3,3,2,1980,1,Urban,7.0,6.5,0,Good,137.37
HSE87206,1243,3,3,2,1979,1,Suburban,11.0,9.3,1,Excellent,135.69
HSE80398,2299,3,3,2,1995,1,Suburban,21.7,4.9,0,Good,133.55
HSE04579,1815,2,1,2,1973,1,Urban,4.8,5.1,0,Average,133.55
HSE15059,2443,3,2,1,2003,1,Suburban,13.9,10.0,0,Excellent,169.67
HSE66518,1795,5,4,2,1973,0,Suburban,16.0,8.2,0,Average,131.42
HSE95374,1117,4,4,2,1983,0,Rural,31.6,6.8,0,Poor,72.75
HSE16482,2182,4,3,1,2011,1,Urban,2.7,6.4,0,Average,164.89
HSE22057,2324,3,3,1,1988,1,Urban,6.8,4.8,1,Average,178.56
HSE25338,2434,2,2,1,2005,0,Rural,50.6,3.9,1,Average,108.99
HSE15509,1976,3,2,2,1976,1,Urban,3.0,3.1,0,Excellent,146.08
HSE12013,2555,3,3,3,2010,1,Suburban,19.8,8.2,0,Good,148.38
HSE71556,1408,3,2,1,2007,0,Suburban,22.4,9.0,0,Average,560.2456923701573
HSE11346,1539,4,3,1,1976,1,Suburban,28.7,3.6,0,Poor,103.27
HSE93968,1645,2,1,2,1988,0,Rural,46.6,3.7,0,Excellent,93.98
HSE83702,1768,3,2,2,2003,1,Suburban,29.3,3.3,0,Average,115.87
HSE43436,2463,2,2,2,1997,1,Urban,3.5,6.8,0,Good,172.36
HSE21078,943,3,3,2,2022,0,Suburban,14.5,8.6,1,Good,117.23
HSE17249,2234,3,3,2,2014,0,Suburban,23.5,7.5,1,Excellent,149.92
HSE47371,1043,2,2,3,1987,1,Urban,2.0,3.3,0,Poor,99.73
HSE38881,1969,3,2,1,2018,1,Suburban,12.3,9.0,0,Excellent,150.04
HSE99529,1245,3,2,1,1999,1,Suburban,12.1,7.6,0,Good,111.13
HSE44027,1180,3,3,1,1992,0,Urban,8.3,3.6,1,Poor,113.36
HSE24193,1961,2,2,1,2012,1,Urban,8.8,3.3,0,Excellent,154.55
HSE25634,1031,3,3,1,2004,1,Rural,57.1,6.0,0,Good,67.94
HSE29627,2828,3,3,1,1998,0,Urban,1.7,7.1,0,Good,179.03
HSE28163,2178,3,2,1,2013,1,Urban,3.7,5.0,0,Good,164.85
HSE53481,2246,4,3,2,1979,1,Suburban,20.7,8.5,0,Average,137.04
HSE41838,1905,3,3,1,1970,1,Urban,2.2,3.8,0,Average,137.87
HSE38841,2224,4,4,2,2000,1,Suburban,24.8,4.8,0,Poor,143.18
HSE81937,2003,3,2,2,2012,1,Urban,7.3,,0,Average,159.02
HSE94919,2014,1,1,2,1983,0,Suburban,17.6,5.5,1,Poor,108.9
HSE29756,1614,3,3,1,1973,1,Urban,9.5,4.7,0,Good,140.46
HSE22748,1351,3,2,2,2010,0,Rural,35.9,6.2,0,Average,86.57
HSE64239,2199,5,5,1,1976,1,Urban,6.2,6.5,0,Good,169.8
HSE84215,873,3,2,1,2000,1,Rural,76.8,4.6,0,Excellent,72.47
HSE47385,2106,2,2,2,1998,1,Rural,78.9,7.6,1,Good,102.46
HSE77918,1577,1,1,1,1991,0,Urban,5.2,5.0,0,Good,128.74
HSE07530,2769,3,3,1,2014,0,Rural,76.3,6.9,0,Average,108.95
HSE23437,1993,4,3,2,1986,1,Urban,8.4,7.9,1,Good,185.68
HSE64384,1937,2,2,1,2005,1,Urban,4.9,5.0,1,Excellent,161.54
HSE40724,1888,4,3,1,1998,1,Rural,33.6,5.0,0,Average,109.7
HSE90380,1850,3,3,1,1977,1,Suburban,21.5,7.6,1,Average,130.84
HSE53500,2052,2,2,3,1987,1,Rural,40.5,5.7,0,Excellent,677.1213277401689
HSE70540,1274,3,3,1,2011,1,Suburban,18.7,7.9,0,Average,121.11
HSE65209,1104,5,4,2,1985,0,Suburban,11.5,3.4,0,Good,116.59
HSE52712,1534,5,5,1,1999,1,Urban,,3.2,1,Average,154.36
HSE66962,1502,2,2,2,1974,1,Rural,53.3,6.9,0,Average,87.06
HSE88274,918,3,3,1,2010,0,Suburban,26.5,5.6,1,Good,107.0
HSE14141,1785,4,3,2,2007,0,Rural,48.6,3.5,0,Average,83.67
HSE84873,1059,3,2,2,1991,1,Rural,70.4,7.8,0,Good,70.3
HSE23402,1811,3,2,2,1972,0,Rural,49.4,9.2,0,Good,88.03
HSE91656,1723,1,1,2,2002,1,Urban,7.5,,1,Excellent,148.48
HSE89637,933,3,3,2,2005,1,Urban,8.3,7.5,0,Good,137.11
HSE58021,1361,3,2,2,2012,1,Suburban,17.0,8.4,0,Average,117.28
HSE19183,1041,2,2,2,1984,1,Urban,9.0,8.7,1,Good,135.02
HSE57774,2309,2,2,1,1977,1,Urban,4.8,8.0,1,Excellent,181.06
HSE33099,2046,3,2,2,2022,1,Suburban,10.7,8.9,0,Good,149.87
HSE93748,1264,3,2,2,1999,1,Rural,30.1,4.6,1,Excellent,114.6
HSE67078,1050,4,4,1,1977,1,Suburban,24.1,8.0,0,Average,107.72
HSE09914,2096,2,1,3,1979,1,Suburban,14.1,6.3,0,Good,148.76
HSE01979,2725,1,1,1,1996,1,Urban,6.8,5.5,1,Good,169.09
HSE99028,2151,4,4,1,1984,0,Suburban,24.5,6.2,1,Poor,142.93
HSE75579,1720,4,4,2,2008,1,Suburban,15.0,8.9,1,Excellent,166.76
HSE09590,1400,2,1,3,2003,1,Urban,8.3,8.5,0,Good,546.0543888345924
HSE70913,1704,3,3,1,1979,1,Urban,3.0,8.4,0,Good,167.71
HSE62647,2607,2,2,1,2008,1,Urban,7.0,6.0,0,Average,164.74
HSE10335,2210,2,2,3,1975,1,Suburban,23.5,5.9,0,Good,142.65
HSE33807,1525,3,2,1,1971,0,Urban,5.0,8.1,0,Good,132.95
HSE13656,2368,3,3,2,2011,0,Urban,1.3,7.6,1,Good,187.9
HSE92900,2727,2,1,3,1992,1,Suburban,12.3,7.2,1,Good,163.44
HSE73500,1281,4,4,2,2021,1,Urban,,8.9,0,Good,152.12
HSE06317,1365,5,5,1,2002,1,Suburban,11.9,7.7,1,Excellent,145.13
HSE01200,1958,3,2,1,2015,1,Suburban,16.3,5.5,0,Excellent,144.38
HSE27674,1630,2,1,1,1985,0,Suburban,10.4,4.9,0,Good,102.52
HSE64164,1490,3,3,1,1972,1,Rural,51.2,5.0,0,Good,76.74
HSE16241,1289,2,2,1,1974,1,Urban,6.0,8.8,0,Average,144.42
HSE52214,2902,2,1,3,2017,1,Urban,5.4,9.5,0,Good,177.87
HSE27775,1303,2,2,1,2008,1,Urban,7.3,7.2,1,Good,135.36
HSE38359,1424,3,3,1,1992,0,Urban,7.6,5.0,0,Excellent,134.21
HSE36635,2402,3,3,2,1976,1,Suburban,27.3,3.5,0,Excellent,143.64
HSE77995,2254,3,3,2,2014,1,Urban,7.3,4.4,1,Good,188.43
HSE52074,2502,4,3,1,2006,0,Suburban,12.0,7.4,0,Excellent,176.66
HSE32410,2083,3,2,1,1996,1,Urban,5.4,5.6,0,Average,137.31
HSE30971,2778,4,4,3,2010,0,Rural,73.1,5.7,0,Average,133.65
HSE22206,1403,4,4,2,2002,1,Suburban,10.4,6.4,1,Good,129.31
HSE82223,2093,2,2,1,1992,0,Urban,4.4,4.9,0,Good,153.24
HSE84035,2502,5,5,1,1973,1,Urban,8.5,3.4,1,Average,181.94
HSE27319,2569,4,4,1,2022,1,Suburban,28.3,7.0,0,Good,154.12
HSE98180,3017,3,3,1,1984,1,Urban,9.6,7.5,0,Excellent,184.95
HSE00786,1002,2,2,2,1991,0,Suburban,16.0,4.3,0,Excellent,95.71
HSE64064,2052,5,5,1,2016,1,Urban,8.0,8.1,1,Good,169.46
HSE39980,1843,2,2,1,2012,0,Urban,1.8,8.9,0,Good,151.66
HSE91488,1309,3,3,2,2013,1,Suburban,24.6,8.7,0,Average,114.59
HSE10851,2969,4,4,1,1985,1,Urban,9.3,5.3,0,Excellent,205.48
HSE90858,1755,5,5,2,1976,0,Urban,5.5,8.2,0,Good,158.6
HSE40657,1005,4,4,1,2004,1,Urban,7.6,7.5,1,Good,156.84
HSE96372,1696,3,3,3,1993,0,Urban,5.2,9.8,0,Good,157.31
HSE23000,2188,3,2,2,1972,1,Urban,6.1,9.4,0,Average,158.82
HSE28643,2192,4,4,3,1984,1,Rural,32.8,9.8,1,Good,128.0
HSE34617,1373,5,5,2,2013,0,Urban,9.3,5.0,1,Average,401.4290944736219
HSE11662,911,2,1,3,2021,0,Rural,61.4,6.1,1,Average,60.03
HSE44235,1422,2,2,1,2021,0,Rural,69.8,5.4,1,Excellent,113.35
HSE49415,2440,3,3,1,2013,1,Rural,45.0,,0,Average,135.07
HSE64657,1897,4,4,1,2008,1,Rural,71.3,6.2,1,Average,114.29
HSE60957,2643,5,4,1,2012,1,Urban,8.3,8.1,1,Average,202.12
HSE00970,1430,3,2,2,2015,1,Suburban,22.3,8.8,0,Good,122.88
HSE01815,1889,3,2,1,1988,1,Urban,4.9,9.4,0,Good,165.57
HSE75053,1888,3,3,2,2002,1,Urban,6.0,5.8,1,Good,159.85
HSE40232,1618,3,3,2,1972,0,Suburban,10.2,5.8,0,Average,117.0
HSE14943,2397,3,3,1,1987,1,Urban,3.1,3.6,1,Average,174.7
HSE15817,2180,5,4,1,2014,1,Rural,79.1,8.7,0,Good,131.27
HSE27635,1729,1,1,1,2012,1,Suburban,18.1,5.7,1,Good,111.94
HSE61751,2448,2,1,2,1973,1,Rural,41.8,4.4,0,Good,111.97
HSE91471,1424,2,2,1,1997,0,Suburban,27.2,7.5,1,Excellent,121.83
HSE31970,1305,3,3,1,1978,1,Urban,1.3,7.7,1,Good,149.53
HSE39733,2595,3,3,1,1987,1,Suburban,18.2,7.0,0,Good,168.09
HSE17864,738,3,3,2,2022,1,Suburban,15.9,8.0,1,Average,125.01
HSE58084,2807,4,3,1,2017,1,Rural,46.6,9.6,1,Average,167.13
HSE32806,2179,3,2,3,1971,1,Suburban,23.8,8.3,1,Excellent,166.58
HSE96211,1781,5,5,2,1973,1,Rural,64.1,5.5,1,Average,113.26
HSE55311,695,3,2,1,1991,1,Urban,9.8,6.2,1,Good,134.58
HSE50194,1665,4,4,1,1978,0,Suburban,18.8,3.1,0,Average,107.01
HSE55225,1046,3,3,1,2017,1,Urban,4.7,4.6,0,Average,122.28
HSE61012,1227,5,5,2,1980,0,Suburban,18.3,7.9,1,Good,146.09
HSE24531,1020,3,3,1,1987,0,Rural,75.1,3.8,1,Good,69.01
HSE03988,1970,3,2,1,1996,1,Urban,9.5,4.3,1,Good,168.3
HSE20190,2558,1,1,1,2001,1,Suburban,25.6,9.2,1,Good,161.49
HSE97836,1938,2,1,2,2009,1,Suburban,12.0,8.4,0,Average,142.26
HSE77870,1104,4,4,2,1970,1,Rural,45.8,7.8,1,Excellent,104.93
HSE69972,1281,3,2,1,2006,1,Rural,32.9,8.0,0,Excellent,108.07
HSE29697,2813,3,3,1,1993,1,Urban,9.0,8.3,0,Good,183.7
HSE73794,2336,3,3,1,1974,1,Urban,2.0,7.6,0,Good,171.3
HSE53260,700,3,3,2,1987,1,Urban,,,0,Good,125.86
HSE83237,1717,3,3,2,1983,0,Urban,1.6,5.1,0,Excellent,148.99
HSE82476,1903,3,3,2,2019,1,Rural,50.7,3.8,0,Good,99.66
HSE42936,2375,3,3,1,1981,1,Suburban,26.5,9.9,0,Good,152.3
HSE96047,1316,3,3,2,1976,1,Suburban,24.4,4.4,0,Good,105.89
HSE33611,1642,2,2,1,1998,1,Urban,7.7,4.8,0,Average,126.13
HSE00405,2637,4,4,2,2021,1,Suburban,15.9,3.8,1,Poor,149.33
HSE71208,2663,3,3,3,2007,1,Urban,3.7,8.1,1,Excellent,192.54
HSE78770,2642,3,2,2,1978,1,Suburban,29.3,6.4,1,Average,163.19
HSE99324,2523,2,2,2,1987,0,Rural,74.2,9.1,0,Excellent,117.24
HSE68459,2049,2,2,3,2016,0,Urban,7.0,6.4,1,Poor,142.14
HSE22465,1556,3,2,1,1991,1,Suburban,25.4,6.7,0,Good,125.33
HSE47419,400,3,3,1,2002,1,Urban,6.6,5.6,1,Average,114.35
HSE19256,1677,5,5,1,1979,0,Suburban,25.8,6.7,0,Average,124.1
HSE55966,2253,3,2,2,2002,1,Suburban,19.4,4.5,1,Poor,124.15
HSE09486,1881,4,3,1,1988,1,Urban,3.8,6.9,0,Good,172.43
HSE12083,1361,3,3,1,1977,1,Urban,9.2,4.6,0,Excellent,127.49
HSE25910,2194,3,3,2,1981,0,Urban,3.8,,0,Poor,142.19
HSE55698,2139,4,3,1,1995,1,Suburban,15.7,5.9,1,Good,161.87
HSE66172,2077,2,1,1,1979,0,Urban,8.1,8.0,0,Average,136.95
HSE40642,3038,3,2,1,1994,1,Suburban,29.3,3.3,1,Average,134.95
HSE78274,1511,3,3,1,2003,0,Suburban,17.2,4.5,1,Average,126.24
HSE54863,2186,3,2,1,1981,1,Suburban,18.0,8.8,1,Average,142.89
HSE26595,1988,4,4,1,2017,1,Rural,58.0,8.4,0,Average,117.92
HSE54292,2396,5,5,2,1985,1,Urban,5.3,5.1,1,Good,192.49
HSE82253,1709,2,2,2,1994,0,Urban,1.1,9.5,0,Average,137.19
HSE86912,2275,3,2,2,2014,1,Urban,1.1,6.7,0,Average,152.29
HSE60720,3155,4,4,1,1980,0,Suburban,15.9,7.8,0,Good,168.31
HSE10938,2149,2,2,1,2006,1,Suburban,21.6,8.5,0,Average,143.25
HSE61773,2372,3,3,3,2004,1,Urban,8.0,7.1,0,Good,173.74
HSE32079,866,2,2,2,2000,1,Urban,,4.2,1,Average,115.13
HSE34472,400,2,1,2,1991,1,Rural,48.4,4.3,0,Good,37.88
HSE09063,2412,5,5,1,1974,1,Rural,,3.6,0,Excellent,142.76
HSE49678,1092,4,4,1,1981,1,Urban,6.2,5.9,0,Average,127.69
HSE54039,2375,4,4,2,1994,1,Urban,6.7,6.0,1,Good,185.87
HSE11668,1191,3,3,2,1975,1,Rural,76.3,9.2,1,Average,68.47
HSE11079,2452,3,3,1,1982,1,Suburban,13.1,8.5,1,Good,160.22
HSE94923,2062,5,4,1,1970,1,Urban,8.9,5.0,0,Average,142.18
HSE35601,1005,2,1,1,2012,0,Urban,6.1,8.7,1,Average,135.17
HSE21415,1895,5,5,1,1992,0,Suburban,19.5,9.5,0,Poor,136.38
HSE83925,2338,2,2,1,1974,1,Urban,1.4,4.7,0,Good,152.69
HSE62289,2504,3,2,2,2007,0,Rural,46.4,7.2,1,Good,117.7
HSE07345,1987,3,3,2,1970,0,Urban,3.8,7.4,0,Good,150.12
HSE40185,2106,4,4,1,2019,0,Urban,1.2,8.3,0,Good,178.35
HSE88822,1458,4,4,1,2014,1,Rural,64.4,4.0,0,Good,89.9
HSE43186,2334,4,3,2,2010,1,Suburban,24.9,7.5,1,Poor,156.47
HSE18616,1897,5,5,3,2018,1,Urban,4.5,5.3,0,Average,155.92
HSE40289,1557,1,1,2,2005,1,Urban,9.6,6.3,0,Good,116.86
HSE40228,2780,5,5,1,2010,1,Urban,9.4,4.5,1,Good,195.98
HSE72050,1167,3,3,2,1970,1,Suburban,11.4,5.9,1,Good,127.17
HSE68781,1547,2,2,1,1983,1,Rural,73.3,7.7,0,Average,78.1
HSE53103,2066,3,3,1,2000,1,Urban,6.6,7.9,0,Good,167.84
HSE81378,1863,4,3,2,2001,1,Urban,3.0,6.1,1,Excellent,170.21
HSE78339,2717,3,3,1,2022,1,Urban,9.8,9.8,1,Good,199.49
HSE94171,3211,1,1,2,2018,1,Suburban,26.5,5.9,1,Average,162.47
HSE07614,1256,4,3,1,1987,0,Urban,9.7,3.3,1,Average,130.04
HSE46888,1936,2,1,1,2004,1,Suburban,13.2,4.3,0,Average,111.96
HSE93884,1030,3,3,2,2015,0,Urban,5.1,9.6,0,Average,121.11
HSE23527,2200,3,3,2,2010,1,Rural,54.9,4.1,0,Average,95.13
HSE81309,888,2,2,2,2001,1,Rural,68.2,6.7,0,Good,80.49
HSE60542,1264,4,4,1,2001,1,Suburban,20.3,7.7,0,Excellent,118.56
HSE18600,2095,3,3,1,1994,1,Suburban,27.1,3.2,0,Good,118.85
HSE10866,623,3,2,2,2012,0,Urban,7.0,6.2,0,Good,119.03
HSE88907,1473,3,2,2,2014,0,Suburban,10.6,5.7,1,Good,129.79
HSE74978,2795,5,5,2,2016,1,Rural,55.2,3.2,0,Average,136.5
HSE61311,1825,3,2,1,1983,1,Urban,7.9,10.0,0,Average,137.71
HSE62849,2088,3,2,2,2018,1,Rural,45.4,5.7,0,Average,105.42
HSE48658,1607,4,4,1,2016,1,Urban,6.4,9.8,0,Excellent,173.08
HSE46092,1389,2,2,2,2008,1,Suburban,28.9,7.3,0,Average,110.5
HSE82118,2069,3,2,1,1986,0,Suburban,20.3,6.7,0,Average,128.7
HSE85326,1613,4,3,2,1984,0,Urban,5.9,8.8,0,Average,127.11
HSE10064,1086,3,2,1,2009,0,Suburban,11.6,4.3,0,Good,95.12
HSE83668,991,3,2,2,2010,1,Suburban,15.1,9.7,0,Good,106.97
HSE87408,1959,2,1,2,1984,1,Suburban,19.0,5.9,1,Average,123.68
HSE92956,2692,3,3,2,1993,1,Suburban,18.0,7.7,0,Average,167.45
HSE35049,1181,3,2,1,1988,1,Urban,7.8,6.5,0,Good,122.6
HSE31097,1092,4,4,3,2005,1,Urban,,9.5,0,Good,155.22
HSE31179,2246,3,3,1,1996,1,Urban,6.3,7.5,0,Good,149.84
HSE46173,2265,2,1,1,1988,1,Rural,43.8,8.6,0,Excellent,147.44
HSE03599,1342,3,2,2,1979,1,Suburban,17.9,4.5,0,Good,119.01
HSE29899,755,4,3,1,2022,0,Suburban,10.6,6.1,0,Excellent,119.79
HSE36399,1058,5,5,1,2011,0,Suburban,25.0,9.3,0,Average,123.61
HSE83655,2103,2,2,2,1981,0,Rural,67.1,3.8,1,Average,85.69
HSE90211,1915,3,3,1,1987,1,Urban,3.7,8.4,0,Good,166.64
HSE78112,2546,5,5,1,1981,1,Suburban,27.0,7.6,0,Average,164.74
HSE43263,2313,3,3,1,1976,1,Urban,1.6,7.3,1,Average,168.36
HSE99135,1100,2,2,1,1980,0,Urban,3.0,8.5,0,Excellent,130.41
HSE22965,892,3,2,2,1983,0,Suburban,26.4,3.2,1,Good,85.54
HSE30464,628,4,4,1,1994,0,Suburban,18.6,4.9,0,Average,87.34
HSE37593,1691,3,3,1,1993,0,Suburban,16.7,4.0,1,Average,113.45
HSE50172,1721,3,3,2,2013,1,Urban,9.4,9.4,0,Good,168.03
HSE67046,2704,3,2,2,2003,0,Suburban,15.7,6.6,1,Excellent,174.9
HSE86679,2210,3,3,1,2002,1,Suburban,28.7,3.7,1,Poor,130.46
HSE37646,1126,4,4,2,2022,1,Rural,35.2,3.0,1,Poor,86.92
HSE26920,2023,4,4,2,1998,0,Suburban,,5.6,0,Good,138.69
HSE81597,2699,4,4,1,2020,0,Urban,6.8,7.2,1,Poor,182.46
HSE36212,1308,2,2,2,1995,0,Rural,56.1,9.1,1,Excellent,90.53
HSE81330,1175,5,4,1,2022,1,Suburban,14.5,7.7,0,Good,121.47
HSE25976,2221,2,2,1,2022,1,Rural,51.6,4.6,0,Excellent,127.66
HSE50382,1548,2,2,2,2014,1,Suburban,12.8,6.1,0,Good,126.32
HSE97006,1767,3,3,1,1989,1,Urban,7.0,4.2,0,Good,147.95
HSE56834,1438,3,3,1,2013,0,Urban,8.3,3.6,0,Excellent,134.92
HSE02711,1342,2,1,2,2009,0,Urban,1.0,4.0,0,Average,112.58
HSE67545,438,4,4,2,1972,0,Urban,7.3,8.7,1,Poor,108.67
HSE70682,1850,3,2,1,2011,1,Urban,8.6,3.4,1,Good,149.25
HSE47995,1478,3,2,1,1999,0,Suburban,17.2,6.9,1,Average,121.23
HSE26844,1696,3,3,2,2013,1,Urban,7.3,4.6,1,Excellent,169.09
HSE11375,2552,5,5,2,1985,0,Suburban,29.9,7.1,0,Poor,143.49
HSE46384,2577,2,2,1,1996,0,Rural,68.9,7.9,1,Average,110.62
HSE08874,1611,2,1,1,2009,0,Suburban,17.3,9.9,1,Average,568.8840769547389
HSE85592,1113,4,4,2,1977,1,Urban,9.2,8.2,0,Average,134.66
HSE26953,2044,2,1,3,1993,0,Suburban,29.9,6.1,1,Excellent,130.44
HSE54486,1884,3,3,1,1970,1,Rural,52.3,6.5,1,Average,108.32
HSE66283,1298,3,2,3,1977,1,Suburban,22.6,,0,Excellent,105.33
HSE90810,1933,3,2,2,2004,1,Suburban,22.1,9.5,0,Poor,132.21
HSE13815,1801,4,4,2,2020,1,Rural,74.2,5.4,1,Good,116.93
HSE49040,2510,3,2,1,1986,0,Suburban,13.5,7.4,0,Excellent,498.1463274019278
HSE10844,1897,1,1,1,1994,0,Rural,70.7,5.6,1,Good,73.03
HSE88411,2687,3,3,1,2010,1,Urban,1.8,10.0,0,Average,177.06
HSE98467,1602,2,2,1,2007,1,Rural,53.3,4.1,1,Poor,89.05
HSE66327,2367,2,1,2,1980,1,Urban,3.0,7.6,1,Excellent,175.34
HSE62007,2565,3,3,2,2013,1,Suburban,19.7,7.3,0,Average,155.18
HSE34968,1852,2,1,3,1992,0,Suburban,10.4,7.8,1,Average,131.46
HSE94754,2653,4,4,1,1992,1,Suburban,11.3,4.8,0,Average,151.5
HSE65200,1519,3,3,2,1989,1,Suburban,26.2,3.5,1,Good,116.07
HSE52343,1939,4,3,3,1997,1,Rural,68.1,5.7,0,Good,108.43
HSE53712,2499,3,2,1,1984,0,Rural,50.5,9.0,1,Poor,123.69
HSE90874,1694,2,2,1,2001,1,Urban,8.8,6.5,0,Excellent,153.98
HSE81654,1501,4,4,1,2021,0,Suburban,20.2,4.2,1,Poor,141.14
HSE12906,2215,2,2,1,2013,1,Suburban,,3.0,0,Excellent,141.65
HSE80828,1663,3,3,1,2004,1,Urban,7.2,3.7,0,Good,139.87
HSE91598,1799,4,3,3,1982,1,Suburban,24.7,8.6,1,Good,155.73
HSE22678,923,2,2,1,2000,1,Rural,54.4,6.1,0,Average,49.64
HSE63875,1281,3,3,2,1988,1,Suburban,11.6,4.4,1,Average,129.16
HSE73120,3109,2,1,1,1990,1,Urban,7.4,8.7,0,Excellent,197.95
HSE44162,1982,1,1,1,1985,1,Urban,2.1,4.2,0,Average,141.36
HSE11093,1713,3,3,3,1991,1,Rural,32.9,9.4,0,Good,114.1
HSE90279,2306,5,5,1,1993,1,Suburban,22.4,6.5,1,Average,160.57
HSE73581,1418,3,2,1,2003,0,Suburban,15.7,,1,Average,118.56
HSE49005,1130,3,2,1,1984,0,Urban,1.6,8.1,0,Good,125.12
HSE01272,1301,4,3,2,1984,0,Suburban,28.9,9.5,0,Excellent,124.62
HSE20054,1373,4,3,3,2003,1,Urban,7.7,7.6,0,Average,150.79
HSE14885,1473,3,3,1,1977,1,Urban,6.1,5.8,1,Average,141.53
HSE99963,1071,2,1,1,1985,0,Urban,10.0,8.3,0,Average,128.94
HSE24333,1206,3,3,2,1971,1,Urban,9.0,7.4,0,Good,121.51
HSE60945,865,4,3,2,2004,1,Suburban,11.0,8.5,1,Good,124.76
HSE51938,1787,3,3,2,1987,1,Suburban,28.5,9.7,0,Good,123.38
HSE12037,1355,4,4,2,1982,0,Suburban,19.3,9.6,1,Good,146.52
HSE31745,683,3,3,2,2003,0,Suburban,24.7,3.3,0,Good,76.3
HSE72123,2256,2,2,1,2005,0,Suburban,21.8,9.9,1,Excellent,144.52
HSE16328,2751,2,2,1,2020,1,Urban,5.5,5.7,1,Good,178.52
HSE38620,1732,3,3,2,2008,0,Rural,62.6,6.6,0,Excellent,100.49
HSE12072,1083,2,2,1,2013,1,Urban,3.2,9.1,0,Excellent,136.53
HSE53973,1627,3,3,1,1977,1,Urban,3.3,6.5,1,Excellent,157.67
HSE51882,1372,3,3,1,1989,1,Rural,42.0,7.8,0,Poor,81.56
HSE65411,1506,3,3,3,1973,1,Suburban,20.8,5.4,0,Poor,93.3
HSE17082,1609,2,2,1,1971,1,Urban,8.6,6.1,0,Average,135.28
HSE34367,1906,5,4,3,1996,0,Suburban,19.8,8.0,0,Average,127.56
HSE97798,1171,4,3,3,2002,0,Urban,6.9,8.4,1,Average,143.18
HSE50134,2617,3,3,1,1974,1,Suburban,23.2,4.9,0,Excellent,151.07
HSE52627,651,1,1,1,1976,1,Suburban,15.4,6.6,1,Good,88.52
HSE05953,1689,4,3,1,1993,1,Urban,4.2,6.7,1,Poor,150.62
HSE52502,1445,1,1,2,2019,0,Suburban,22.5,4.8,1,Good,103.89
HSE45177,1319,1,1,2,1997,1,Urban,9.1,4.1,0,Good,114.0
HSE64691,2099,2,2,2,2010,1,Suburban,15.7,9.2,0,Average,136.37
HSE28943,1617,3,3,1,1996,1,Suburban,25.0,9.9,1,Excellent,139.89
HSE64521,1329,3,2,1,1997,0,Urban,6.5,4.9,0,Excellent,130.1
HSE78317,1603,3,3,2,2006,1,Suburban,11.8,8.5,0,Excellent,120.93
HSE10750,1657,3,3,1,1985,1,Urban,2.5,4.0,0,Good,135.43
HSE16659,1142,3,2,1,2018,1,Suburban,23.4,6.2,0,Average,94.87
HSE06124,2295,3,3,1,1992,1,Urban,6.1,6.0,1,Average,164.53
HSE86363,2251,3,3,2,1984,1,Rural,77.4,8.4,0,Good,115.7
HSE67349,1365,3,3,1,1984,0,Urban,5.0,7.7,0,Good,143.58
HSE06435,1881,3,2,3,2016,1,Urban,8.0,3.5,0,Good,144.32
HSE14098,1508,3,3,1,2011,0,Suburban,19.5,4.4,1,Good,129.11
HSE35919,2281,4,4,1,2007,1,Urban,2.0,9.7,0,Excellent,190.9
HSE00481,1819,3,2,1,2017,1,Urban,7.7,9.1,0,Excellent,177.56
HSE63500,1799,2,2,1,1979,1,Suburban,27.8,6.1,0,Good,124.25
HSE66665,1082,2,1,1,1992,1,Rural,59.6,4.7,0,Good,79.37
HSE53142,1384,5,5,1,1991,1,Rural,61.5,3.2,1,Good,95.5
HSE87369,2072,4,3,1,2004,0,Rural,46.4,,0,Good,117.87
HSE48421,1341,2,1,2,1997,0,Suburban,22.8,7.7,0,Average,87.49
HSE00313,1456,4,3,1,2001,1,Urban,7.4,5.3,1,Average,135.55
HSE66106,2117,3,3,1,2010,0,Rural,77.2,6.4,0,Excellent,120.63
HSE86123,427,2,1,1,1999,1,Urban,8.9,3.1,0,Excellent,93.39
HSE80551,1972,3,3,2,1997,1,Suburban,18.4,5.5,0,Good,136.52
HSE80517,1456,5,4,1,1982,0,Rural,53.7,8.6,0,Average,81.76
HSE07319,2396,4,3,2,2009,1,Rural,63.3,,0,Average,129.83
HSE53829,1675,3,3,1,1979,0,Urban,3.4,6.6,1,Excellent,138.42
HSE74811,1477,3,2,1,1979,1,Urban,4.5,5.2,0,Average,131.97
HSE40071,2478,4,4,3,1975,1,Suburban,11.1,5.2,1,Good,157.05
HSE73549,2135,5,4,1,2009,1,Urban,9.9,9.5,0,Good,186.74
HSE92337,1821,2,2,2,1987,1,Urban,5.6,4.4,0,Good,133.73
HSE57763,1519,3,3,1,2019,0,Rural,56.4,9.5,1,Average,88.73
HSE02130,929,3,2,1,2010,1,Urban,1.7,8.0,0,Average,124.92
HSE88528,2034,3,3,2,1972,0,Rural,35.4,6.3,0,Excellent,115.99
HSE10729,1847,3,2,2,1977,0,Suburban,14.7,9.9,1,Good,128.58
HSE22225,3148,3,2,3,1998,0,Urban,3.9,7.5,1,Good,215.28
HSE91858,2656,1,1,1,1994,1,Urban,7.3,4.3,0,Average,143.22
HSE92021,1357,3,2,2,1993,1,Rural,53.1,7.5,0,Good,91.48
HSE46556,1614,3,2,2,2006,1,Suburban,24.5,6.4,1,Good,135.48
HSE54509,2571,3,3,1,2011,1,Suburban,23.3,4.7,0,Excellent,163.01
HSE00164,1620,5,4,1,2013,1,Suburban,14.8,8.2,1,Poor,145.57
HSE11294,1565,2,1,2,1979,1,Urban,9.2,5.6,1,Poor,135.91
HSE97520,1643,2,1,2,1990,1,Urban,1.0,8.1,0,Good,142.46
HSE33527,811,2,2,2,2000,0,Urban,5.6,9.8,0,Good,130.23
HSE21521,1865,3,2,1,1982,0,Urban,4.3,4.2,0,Good,141.81
HSE00165,862,4,4,2,1973,1,Urban,2.7,8.6,0,Excellent,135.47
HSE03095,1084,3,2,1,1981,1,Suburban,10.5,9.5,0,Excellent,124.09
HSE51096,718,1,1,2,1970,1,Suburban,27.7,8.1,0,Excellent,91.41
HSE14808,1575,4,3,1,1972,1,Urban,9.8,8.1,1,Average,156.02
HSE68598,1330,2,2,2,2020,0,Suburban,13.6,7.1,1,Excellent,119.69
HSE51684,1916,1,1,2,1980,0,Suburban,18.1,9.6,0,Excellent,122.79
HSE35915,2187,3,2,3,1981,1,Suburban,,,1,Excellent,153.09
HSE29763,1201,3,3,1,1995,1,Urban,7.8,8.7,1,Average,139.92
HSE14701,1721,2,2,1,2002,1,Urban,7.5,4.6,0,Excellent,129.23
HSE01863,1043,3,3,1,2002,1,Urban,2.4,8.5,0,Good,134.24
HSE40762,1579,4,4,1,2003,1,Rural,41.8,9.8,0,Average,103.12
HSE78559,731,3,2,1,1979,0,Suburban,25.3,5.7,1,Poor,88.02
HSE78812,2445,3,3,1,2020,1,Urban,5.4,3.8,0,Poor,161.55
HSE74418,2400,3,2,2,1984,1,Urban,7.8,5.7,1,Average,157.92
HSE91877,989,1,1,2,2004,1,Rural,47.5,8.0,1,Average,79.71
HSE95307,2499,4,4,1,1985,0,Suburban,29.2,5.8,0,Excellent,145.97
HSE50354,1019,3,2,2,2009,0,Suburban,11.2,7.2,0,Excellent,108.25
HSE17618,1578,2,2,1,2015,1,Rural,75.3,3.6,0,Excellent,82.75
HSE01581,2214,3,3,2,2021,1,Suburban,14.8,3.7,0,Average,143.93
HSE58662,1792,1,1,3,1978,1,Suburban,10.9,6.4,1,Poor,112.5
HSE10814,2018,3,3,3,2004,0,Urban,3.9,3.0,0,Excellent,150.52
HSE49686,1279,4,3,3,2020,1,Suburban,18.7,5.1,0,Good,112.96
HSE45464,568,2,2,3,2001,1,Rural,43.7,3.0,1,Good,57.94
HSE32279,1447,2,2,1,1988,0,Suburban,27.3,8.2,1,Average,112.34
HSE27468,1244,4,4,1,1972,1,Urban,4.2,4.0,1,Good,136.74
HSE14121,1328,4,4,2,1985,1,Urban,1.8,8.8,1,Average,152.28
HSE71831,1598,3,3,3,1986,0,Rural,49.4,4.4,1,Average,88.27
HSE68204,2288,3,3,3,1980,0,Urban,9.5,3.1,1,Good,159.59
HSE48465,3140,2,2,3,1994,1,Urban,6.7,8.8,1,Excellent,208.91
HSE09484,1980,4,4,2,2022,0,Suburban,23.8,5.0,1,Average,130.51
HSE32624,1944,3,2,1,2011,0,Suburban,26.6,3.6,0,Poor,107.17
HSE81979,1627,3,3,1,2012,1,Suburban,29.0,7.2,0,Excellent,139.59
HSE93497,2140,3,3,1,2004,1,Suburban,21.2,3.2,0,Good,141.54
HSE73278,2592,3,2,2,1997,0,Suburban,12.1,9.4,0,Excellent,151.11
HSE81592,1582,2,2,1,1993,1,Rural,,10.0,1,Average,120.69
HSE66019,1894,3,2,2,1977,0,Rural,66.5,4.6,0,Good,84.82
HSE75355,1860,3,3,2,1984,1,Rural,72.2,7.6,0,Excellent,104.46
HSE40339,2002,4,4,1,2011,1,Rural,67.3,4.9,1,Average,109.81
HSE99159,2330,5,4,1,2018,1,Suburban,13.5,3.5,1,Excellent,165.52
HSE70614,1391,3,3,1,1971,1,Rural,53.8,3.6,1,Average,98.97
HSE36507,1708,3,3,3,1991,1,Suburban,15.9,4.4,0,Good,129.77
HSE97994,2740,2,2,2,2017,1,Suburban,10.7,3.3,0,Average,134.74
HSE84105,2531,3,2,3,2013,1,Suburban,15.0,5.8,0,Average,155.52
HSE42297,998,5,5,3,1971,0,Rural,76.9,4.9,0,Excellent,90.05
HSE49071,2437,3,3,1,2000,0,Urban,7.0,6.2,1,Good,170.44
HSE07210,2192,5,5,1,1976,1,Rural,53.1,9.4,1,Average,128.25
HSE85225,1809,5,5,1,2009,1,Rural,47.5,5.5,0,Good,112.21
HSE92515,1458,3,3,2,1997,1,Suburban,18.2,3.7,1,Good,130.24
HSE05787,1721,4,4,2,2016,1,Rural,34.9,6.3,1,Good,129.26
HSE52898,1429,3,2,3,2013,0,Rural,63.0,5.5,0,Excellent,92.84
HSE78259,2443,4,3,3,1976,1,Suburban,13.4,6.4,1,Average,161.71
HSE46678,2467,3,2,1,1983,1,Rural,69.8,9.3,1,Average,118.21
HSE02790,1735,1,1,1,1974,1,Suburban,25.8,3.0,1,Good,97.32
HSE73325,2635,3,3,2,2017,0,Rural,79.2,4.3,0,Good,107.94
HSE38836,2270,3,2,1,1971,1,Suburban,13.9,4.1,1,Excellent,169.78
HSE02087,1643,3,3,2,1985,1,Urban,4.4,3.8,0,Excellent,138.4
HSE82024,1993,2,2,1,1986,0,Rural,69.6,6.5,1,Poor,69.75
HSE27279,2321,3,3,1,2021,0,Suburban,18.7,3.4,0,Good,152.95
HSE31511,2195,3,2,1,1987,1,Suburban,17.9,6.8,0,Poor,121.41
HSE98360,1483,4,4,3,1995,0,Suburban,24.6,10.0,0,Excellent,135.48
HSE44868,1348,3,2,2,1979,0,Suburban,28.1,7.5,0,Good,117.71
HSE54118,2881,3,3,1,2005,1,Urban,4.2,3.3,0,Good,188.76
HSE54418,2034,3,3,3,1992,1,Urban,7.9,8.4,0,Good,162.1
HSE11663,2087,1,1,2,1972,1,Urban,9.4,5.9,0,Good,131.71
HSE72513,2701,2,1,1,2008,1,Urban,1.2,10.0,1,Average,176.03
HSE57840,1185,5,5,1,1997,0,Suburban,24.5,7.0,1,Good,111.37
HSE07493,1947,1,1,2,1981,1,Suburban,14.0,5.3,0,Excellent,124.33
HSE28881,1244,2,2,3,2010,1,Suburban,19.3,9.7,0,Good,118.67
HSE54807,847,3,3,2,1973,0,Rural,51.6,5.2,0,Good,72.6
HSE99033,744,4,4,2,2021,0,Urban,2.2,7.2,1,Good,149.07
HSE99458,2306,2,2,1,2009,1,Suburban,16.2,3.7,0,Good,143.81
HSE58878,1352,3,3,2,2007,1,Suburban,25.5,4.1,1,Good,115.81
HSE55718,2042,3,3,1,1972,1,Suburban,26.7,9.9,0,Average,136.61
HSE32609,2502,1,1,1,1989,1,Suburban,22.9,,1,Good,131.33
HSE42118,1772,2,1,1,1980,1,Suburban,29.6,8.5,1,Average,124.27
HSE79457,1985,3,2,1,1977,0,Rural,43.5,4.1,0,Excellent,103.46
HSE58284,1711,3,2,1,1991,1,Suburban,23.9,4.2,0,Good,125.16
HSE62091,1542,3,2,2,1998,1,Suburban,19.5,7.5,0,Average,112.98
HSE22157,1524,3,2,2,1998,1,Suburban,20.4,9.8,1,Good,123.68
HSE05257,1843,2,1,3,1999,1,Urban,2.8,3.9,1,Average,144.47
HSE44714,959,2,2,2,2002,1,Rural,54.7,7.9,1,Poor,62.98
HSE00611,2683,3,2,3,1987,1,Suburban,14.0,8.5,0,Good,169.45
HSE34166,1208,2,1,2,2003,1,Rural,62.1,7.4,1,Good,86.19
HSE84359,1630,2,2,1,2005,1,Suburban,18.6,6.5,1,Good,478.41014567355444
HSE56664,1395,3,3,1,2011,1,Suburban,13.8,3.8,0,Good,127.19
HSE32089,2456,3,3,2,1972,0,Suburban,10.9,4.4,0,Good,151.96
HSE75732,2121,3,3,1,1996,1,Urban,5.7,7.8,1,Average,159.23
HSE55077,1831,3,2,1,1974,0,Suburban,23.1,9.3,1,Good,122.18
HSE72384,2436,4,4,3,1970,1,Urban,9.5,4.4,0,Average,157.87
HSE62098,1580,2,1,1,2022,1,Urban,5.5,3.4,0,Average,119.81
HSE86700,1636,3,3,3,2011,0,Suburban,11.4,,0,Good,116.08
HSE99139,1515,3,3,1,2012,1,Urban,3.4,3.9,1,Good,143.93
HSE97660,2711,4,3,2,1981,0,Urban,7.7,6.8,1,Excellent,186.2
HSE70314,1890,5,5,1,1980,1,Urban,3.4,7.8,0,Average,163.66
HSE81538,905,5,5,1,2017,0,Urban,8.4,4.7,0,Good,130.14
HSE32678,1826,3,3,1,1970,0,Urban,6.1,6.1,1,Excellent,165.82
HSE44835,2241,3,3,2,1988,1,Urban,4.3,6.1,0,Good,160.93
HSE33034,1682,3,3,1,2009,0,Rural,75.3,6.7,0,Good,89.73
HSE91155,1526,4,4,1,2019,0,Urban,6.8,10.0,0,Average,154.5
HSE24142,2049,5,4,1,2000,0,Rural,33.2,5.3,0,Good,111.09
HSE24172,400,3,3,1,1980,1,Urban,2.6,8.6,0,Good,108.48
HSE19957,1213,2,2,1,1975,1,Urban,7.4,7.9,0,Average,132.79
HSE84909,1829,3,3,1,2022,1,Suburban,14.8,7.4,1,Poor,136.25
HSE53162,2528,3,3,2,2022,1,Suburban,17.2,3.3,1,Excellent,164.43
HSE43524,2132,2,1,1,1994,1,Urban,7.9,4.7,0,Excellent,153.87
HSE36038,2141,3,3,2,2016,1,Rural,52.1,9.8,1,Good,132.54
HSE29237,1914,5,4,1,2020,0,Suburban,24.4,6.1,0,Poor,108.61
HSE95846,1520,5,4,1,1986,1,Rural,59.6,9.2,1,Good,108.07
HSE52466,943,4,3,2,2001,0,Rural,52.6,6.1,1,Excellent,84.23
HSE31055,2007,2,1,2,2011,0,Suburban,13.7,4.3,0,Average,104.56
HSE88253,1147,2,2,1,1974,1,Suburban,25.7,7.1,0,Excellent,114.54
HSE51112,1883,4,4,1,1980,1,Suburban,14.6,3.1,0,Good,117.76
HSE34390,2160,3,3,3,1978,0,Suburban,27.7,,0,Good,140.26
HSE51449,2408,5,5,2,1981,0,Suburban,17.2,4.5,0,Average,138.18
HSE75183,1393,3,2,2,2005,1,Suburban,11.7,10.0,1,Average,129.84
HSE89422,2091,4,3,1,2022,0,Urban,3.5,9.4,0,Excellent,175.96
HSE58218,2795,3,3,1,1997,1,Suburban,14.4,7.4,0,Good,171.35
HSE36031,1820,3,2,3,2002,1,Rural,58.2,7.6,1,Good,93.18
HSE42496,2472,4,3,1,1990,1,Suburban,13.4,5.1,0,Average,137.44
HSE35203,1142,3,2,1,1984,1,Rural,69.3,7.7,0,Good,66.92
HSE11463,1819,4,4,2,1999,1,Suburban,29.5,4.3,0,Good,137.64
HSE98145,1740,4,4,2,1993,1,Rural,44.3,8.9,0,Excellent,129.69
HSE52832,526,3,2,2,2000,1,Suburban,10.9,6.4,0,Poor,77.32
HSE56570,1939,4,4,1,1997,1,Rural,31.9,3.4,0,Good,121.26
HSE15790,1427,5,5,1,2006,0,Urban,9.7,3.9,1,Average,135.04
HSE67053,1484,4,4,1,2008,0,Urban,9.0,6.4,1,Excellent,162.1
HSE11656,1663,5,4,3,1982,1,Suburban,24.2,7.2,0,Good,129.86
HSE91003,1491,1,1,1,1974,1,Suburban,17.1,9.1,0,Poor,96.25
HSE42592,2919,2,1,1,1971,1,Urban,3.1,9.9,0,Excellent,192.9
HSE51492,2867,3,3,3,2003,0,Suburban,27.3,9.0,0,Average,147.32
HSE24499,2916,2,2,1,2001,0,Suburban,23.6,7.8,0,Excellent,164.73
HSE43279,1411,3,3,3,1990,0,Suburban,22.2,5.5,0,Average,100.21
HSE03890,1950,3,2,1,1973,1,Suburban,12.2,3.1,0,Average,110.49
HSE38292,1699,3,2,1,1971,1,Suburban,13.0,6.5,0,Good,130.7
HSE28815,1481,4,4,2,2017,1,Urban,1.1,3.4,0,Good,146.86
HSE71838,2263,4,4,1,1973,1,Suburban,22.4,5.6,0,Excellent,133.84
HSE22491,3356,1,1,1,1980,0,Suburban,16.6,6.8,1,Average,166.05
HSE55872,2160,4,3,2,2019,0,Urban,5.7,8.5,0,Good,168.09
HSE72131,400,2,1,2,1971,1,Suburban,22.8,9.5,0,Excellent,98.52
HSE32950,1273,1,1,1,2007,1,Suburban,18.0,9.2,0,Excellent,125.52
HSE31981,1913,3,3,2,2020,0,Suburban,23.4,3.9,1,Average,135.97
HSE53824,2385,4,3,1,1989,1,Urban,3.4,9.4,0,Poor,183.02
HSE98721,2258,2,2,1,2022,1,Urban,3.5,7.3,0,Excellent,172.33
HSE70145,1723,2,2,1,2011,0,Rural,36.6,4.4,1,Average,89.38
HSE29971,1902,4,4,2,2017,1,Suburban,18.8,7.8,1,Good,144.23
HSE77372,1397,1,1,1,1997,1,Suburban,24.0,6.2,0,Good,100.32
HSE58692,634,2,2,1,1994,1,Urban,9.4,7.2,1,Poor,103.5
HSE18651,2781,4,4,2,2003,1,Suburban,13.7,3.9,1,Excellent,189.89
HSE98458,2936,4,3,3,1991,0,Suburban,11.0,4.4,0,Average,155.87
HSE27365,1802,3,3,1,2008,1,Urban,9.8,7.6,0,Average,138.69
HSE08539,1864,3,2,1,2009,1,Urban,5.7,6.1,0,Good,143.94
HSE31958,1994,2,1,1,1976,1,Rural,68.1,3.5,1,Good,86.27
HSE69132,1053,3,3,1,1986,0,Urban,2.6,5.7,0,Good,122.54
HSE06149,674,4,4,2,2011,1,Urban,9.4,,0,Good,109.63
HSE86489,1921,4,4,1,1987,0,Suburban,17.8,7.0,1,Good,141.37
HSE20458,1889,2,1,1,1985,1,Urban,6.4,4.7,1,Good,143.86
HSE20925,1243,3,3,1,2000,1,Suburban,17.5,8.1,1,Good,127.89
HSE54528,591,2,1,1,1996,1,Suburban,12.9,6.6,0,Average,86.8
HSE16225,1607,3,2,1,1991,1,Suburban,23.5,3.6,0,Good,108.24
HSE27501,2136,3,2,2,2001,0,Urban,8.9,8.3,1,Good,169.36
HSE66300,1857,4,4,2,1997,1,Suburban,20.9,5.0,1,Good,147.58
HSE29328,867,3,2,2,1974,1,Suburban,13.1,4.8,1,Good,96.29
HSE79138,753,3,3,2,2013,0,Rural,55.0,4.7,1,Good,77.75
HSE77227,2259,4,3,2,1981,0,Urban,1.7,4.8,1,Good,171.92
HSE00519,2071,3,3,1,1989,1,Suburban,28.5,5.4,0,Average,124.89
HSE29897,2126,4,4,3,2001,1,Suburban,15.0,8.3,0,Average,145.43
HSE55888,2205,5,5,1,2010,1,Suburban,12.1,3.4,0,Good,155.76
HSE26435,747,3,3,1,1983,1,Urban,4.4,9.6,1,Average,133.14
HSE01066,2164,4,4,2,2006,1,Urban,8.9,5.9,0,Average,165.33
HSE51415,1868,3,3,2,1975,1,Urban,2.7,3.2,0,Good,138.28
HSE64551,1998,5,5,3,2005,1,Urban,1.3,,0,Average,172.73
HSE17962,1844,2,2,1,2016,1,Urban,8.6,9.6,1,Average,163.12
HSE88133,1540,4,3,1,1994,1,Suburban,13.4,5.9,0,Good,130.04
HSE62068,2320,4,3,1,2000,1,Urban,6.5,9.8,1,Good,184.66
HSE66437,1655,3,3,2,2018,1,Rural,58.7,5.2,0,Good,101.11
HSE13554,1814,4,4,2,2018,1,Urban,8.2,7.9,1,Good,184.94
HSE65613,833,2,1,2,1974,0,Urban,9.9,7.3,1,Good,116.36
HSE03427,2304,3,3,1,2020,1,Urban,6.2,9.2,0,Average,167.63
HSE14751,1788,4,4,2,2015,1,Urban,3.9,8.7,1,Good,190.3
HSE75765,2061,3,2,2,2005,1,Urban,9.6,5.7,0,Poor,129.91
HSE83108,1873,4,4,1,1971,0,Urban,4.9,7.4,0,Good,175.22
HSE80316,2449,3,2,1,2004,1,Suburban,10.4,8.8,0,Good,167.41
HSE72251,1354,4,3,1,2019,1,Urban,5.8,8.5,1,Average,148.99
HSE82272,1481,4,3,2,2021,1,Suburban,29.7,4.2,0,Average,116.12
HSE81379,2670,3,3,1,1985,0,Urban,9.2,9.8,1,Good,178.12
HSE04824,2630,2,2,1,1970,1,Rural,59.4,9.3,1,Excellent,132.02
HSE74904,1818,4,3,2,2007,1,Rural,33.3,8.3,0,Average,115.48
HSE31172,1443,3,3,2,1997,0,Urban,3.2,4.1,1,Excellent,133.84
HSE08852,3347,1,1,2,2005,0,Urban,3.9,,0,Excellent,194.08
HSE11586,1543,3,3,1,2000,1,Rural,61.5,3.7,1,Good,95.83
HSE56890,1953,2,2,2,2020,1,Suburban,25.5,6.5,0,Good,134.44
HSE35979,2069,4,4,1,1986,1,Suburban,12.8,3.4,1,Excellent,152.81
HSE74742,2209,4,4,1,1973,1,Urban,4.0,6.0,1,Average,171.86
HSE37294,1526,3,3,2,1996,1,Rural,76.9,3.4,1,Average,76.93
HSE68725,1770,2,1,1,1996,0,Rural,68.6,5.1,0,Excellent,101.49
HSE73647,1591,4,3,2,1982,1,Rural,42.9,7.7,0,Average,103.09
HSE55713,1592,1,1,2,2007,1,Urban,8.9,3.6,0,Good,122.8
HSE69563,2155,3,3,2,2016,1,Urban,1.7,7.4,1,Good,179.75
HSE10342,2751,2,1,1,1981,0,Urban,5.3,4.0,0,Average,150.72
HSE64301,733,3,3,3,2012,0,Urban,3.3,9.5,1,Good,133.21
HSE63331,1631,4,3,3,1976,0,Rural,73.1,4.9,0,Good,88.71
HSE17235,1940,3,2,1,1987,0,Suburban,18.9,6.6,0,Excellent,151.28
HSE61615,1690,3,2,3,2009,0,Urban,8.1,7.4,0,Average,143.32
HSE99794,1362,1,1,2,1970,1,Suburban,16.6,5.2,0,Good,108.51
HSE62712,1928,2,2,2,2008,1,Suburban,20.3,5.9,0,Average,125.83
HSE68508,1857,4,4,3,1971,1,Urban,9.9,9.1,1,Good,159.46
HSE17960,2169,4,3,2,2020,1,Suburban,14.3,9.4,1,Average,160.32
HSE48936,1766,3,2,1,2016,1,Rural,55.6,3.3,0,Good,99.26
HSE96312,1925,3,2,2,1989,1,Suburban,13.5,5.7,0,Good,128.0
HSE87684,1866,3,2,2,1972,1,Suburban,10.2,7.4,1,Excellent,168.56
HSE98195,518,4,3,2,1999,1,Suburban,21.0,7.1,1,Average,411.9607408154326
HSE32253,2209,3,2,1,1998,1,Suburban,21.2,3.4,0,Average,131.79
HSE08624,1462,3,3,2,2013,1,Rural,49.4,5.8,1,Good,95.81
HSE03499,1978,3,2,1,2000,1,Suburban,26.9,7.9,0,Excellent,122.42
HSE47619,2256,3,2,3,2019,1,Rural,49.3,,0,Good,142.08
HSE26543,1286,3,3,2,1985,0,Suburban,29.9,7.3,0,Good,102.52
HSE97309,2523,1,1,1,2000,1,Suburban,17.0,3.3,0,Average,136.39
HSE98452,2263,3,3,3,1978,1,Urban,5.0,3.1,1,Average,161.57
HSE11280,1758,3,3,2,1983,1,Urban,6.4,7.0,0,Good,140.2
HSE31605,2814,2,2,1,1978,1,Suburban,15.8,8.2,0,Good,169.56
HSE60710,2175,2,2,1,2015,0,Rural,49.6,6.2,0,Good,107.17
HSE17431,1714,5,5,1,1994,0,Suburban,23.5,3.9,1,Average,132.34
HSE65047,1221,4,3,2,1975,1,Rural,65.0,8.3,0,Poor,71.22
HSE02681,3006,2,1,1,2005,1,Urban,7.2,5.6,0,Average,176.49
HSE97063,2292,2,1,1,1974,1,Rural,54.2,5.1,0,Excellent,110.28
HSE09384,2359,3,3,2,1984,0,Urban,8.3,5.7,0,Good,150.11
HSE89259,2100,1,1,1,2018,1,Suburban,15.5,9.0,0,Good,151.02
HSE05344,964,3,3,1,1977,1,Urban,8.3,3.9,1,Good,119.0
HSE24308,1650,4,3,2,1971,1,Urban,5.9,7.9,0,Poor,136.09
HSE17743,1514,4,4,1,2012,1,Urban,8.3,5.0,1,Excellent,158.5
HSE20075,2893,4,3,2,2017,1,Urban,5.7,3.0,0,Average,167.49
HSE95938,1745,2,1,1,1977,0,Urban,7.3,5.5,0,Average,121.67
HSE92515,1439,3,2,1,1994,1,Urban,9.7,,0,Good,126.51
HSE29156,2268,5,5,2,1997,0,Suburban,29.9,9.3,1,Average,157.83
HSE04088,2609,3,3,1,1985,0,Urban,5.6,8.7,0,Good,169.68
HSE26318,2117,2,1,2,1991,0,Rural,36.2,3.2,0,Excellent,106.22
HSE20144,2007,3,2,1,1979,0,Suburban,20.3,6.2,1,Average,137.15
HSE15873,3098,5,5,1,2017,1,Urban,7.6,9.9,1,Good,227.88
HSE86781,2129,2,2,1,1978,0,Urban,8.1,7.2,1,Average,150.39
HSE62317,2455,4,4,1,2021,1,Urban,3.1,6.7,0,Excellent,178.51
HSE93172,2031,3,3,1,2010,1,Suburban,26.7,7.3,0,Good,139.15
HSE51151,1607,4,3,1,1988,1,Rural,51.2,3.2,0,Good,88.55
HSE27652,2274,3,3,1,1978,1,Suburban,29.0,9.1,1,Average,149.69
HSE54466,1804,3,2,1,2008,1,Urban,8.7,5.3,1,Average,156.69
HSE36688,1721,3,3,1,2021,1,Urban,9.5,5.3,1,Excellent,179.64
HSE26416,1662,5,4,1,1997,0,Urban,3.1,7.7,1,Average,159.68
HSE06409,1092,1,1,1,1989,1,Rural,49.9,9.4,1,Good,96.11
HSE65630,2062,4,4,2,1982,1,Urban,2.4,6.0,1,Good,169.94
HSE69767,1582,3,2,3,1999,0,Urban,6.8,7.3,0,Average,146.17
HSE90660,1997,5,5,1,2011,0,Suburban,25.7,6.9,0,Good,151.26
HSE75164,2331,3,3,2,2004,1,Suburban,12.5,8.7,1,Excellent,182.94
HSE80371,815,2,2,1,1974,1,Urban,3.1,5.7,0,Good,121.73
HSE45314,762,3,3,3,2002,1,Rural,60.6,3.8,1,Poor,52.98
HSE91075,2238,4,3,2,1972,1,Rural,79.8,5.5,1,Average,93.18
HSE68799,1960,3,3,1,1992,1,Suburban,21.0,8.9,0,Good,138.6
HSE61003,1548,2,2,1,2019,1,Urban,2.0,7.8,0,Good,140.13
HSE90204,1833,3,3,1,1970,0,Suburban,19.7,,1,Good,114.79
HSE61207,1407,5,4,1,1992,1,Rural,75.0,8.4,0,Excellent,87.47
HSE21689,2234,3,2,1,1983,1,Urban,8.5,6.9,0,Average,148.88
HSE94145,687,4,4,1,2017,1,Suburban,,6.0,0,Poor,91.83
HSE57279,1740,4,3,1,1984,1,Rural,59.0,3.1,1,Good,106.04
HSE84413,969,3,3,2,2004,0,Suburban,29.8,4.6,1,Good,105.67
HSE04742,2085,3,3,1,1988,1,Urban,,7.6,0,Excellent,175.56
HSE31894,2429,3,2,1,2006,0,Suburban,,3.8,0,Good,128.27
HSE25155,1172,1,1,3,1985,1,Urban,3.8,5.6,1,Good,129.15
HSE15563,1315,3,2,2,2016,0,Urban,2.4,4.8,1,Good,119.18
HSE82000,3045,3,2,1,1988,0,Rural,73.0,4.0,0,Good,561.238217338553
HSE33087,2119,5,4,1,2013,1,Urban,7.2,7.1,0,Excellent,169.86
HSE31850,2242,3,3,2,2018,1,Suburban,23.1,3.4,0,Excellent,152.38
HSE71571,2179,5,5,1,1972,0,Rural,56.2,8.3,0,Average,113.36
HSE95286,1312,2,1,1,1999,1,Urban,2.5,6.2,1,Average,137.99
HSE37122,2149,2,1,1,1995,1,Urban,6.8,9.7,0,Good,166.95
HSE36250,1448,4,4,1,1986,0,Urban,7.1,3.1,1,Poor,131.33
HSE42791,2372,5,4,2,1981,0,Suburban,17.7,6.6,0,Good,151.1
HSE57719,1159,3,2,2,2003,1,Suburban,28.0,5.8,1,Average,110.76
HSE18826,2177,3,3,2,1970,1,Suburban,27.6,7.2,0,Good,113.54
HSE14399,829,3,2,2,2013,0,Rural,31.9,5.8,0,Poor,61.0
HSE78232,1699,2,2,2,1998,1,Urban,4.3,8.5,0,Poor,131.52
HSE79514,2258,3,3,1,1997,1,Urban,3.5,5.7,0,Good,168.38
HSE64336,2410,3,2,1,2007,1,Suburban,23.3,7.9,0,Good,146.36
HSE10233,2662,3,2,1,1989,0,Rural,46.4,9.0,1,Average,135.38
HSE80537,2275,5,5,2,1972,1,Rural,34.0,3.0,0,Poor,115.5
HSE89027,2503,5,5,2,2011,1,Urban,9.4,3.1,1,Average,190.27
HSE12579,3074,4,4,1,2018,0,Suburban,10.0,9.5,0,Good,192.81
HSE50128,1435,3,2,1,1992,1,Urban,3.8,7.8,0,Poor,128.7
HSE80215,2196,4,4,2,1991,0,Urban,7.9,9.8,0,Excellent,175.71
HSE68475,2037,3,3,3,1996,0,Urban,7.2,7.9,0,Average,149.17
HSE78167,2263,3,2,1,1990,0,Suburban,15.3,5.6,0,Excellent,153.53
HSE58126,2085,1,1,1,1973,0,Urban,7.8,6.4,0,Average,140.94
HSE20053,2916,4,4,3,1993,1,Suburban,18.9,4.0,1,Good,177.14
HSE45072,1487,3,3,1,1984,0,Urban,7.4,9.1,1,Poor,140.14
HSE38026,2419,3,2,2,1972,0,Urban,6.9,4.0,0,Good,142.35
HSE07059,1668,4,4,2,2007,1,Urban,9.8,7.1,1,Average,158.91
HSE79635,1850,3,3,1,2019,1,Suburban,11.6,7.6,0,Good,135.33
HSE69257,2834,3,2,1,1996,0,Suburban,18.4,8.8,0,Average,159.28
HSE51259,687,3,3,2,1989,0,Urban,6.0,3.6,0,Average,96.53
HSE41738,1692,3,2,3,1983,1,Suburban,24.4,3.3,1,Good,121.87
HSE04018,2302,2,1,1,1977,1,Rural,34.8,6.8,0,Excellent,121.07
HSE04431,2830,5,5,2,2013,0,Urban,6.8,5.3,0,Average,183.96
HSE22126,2859,3,3,1,1995,1,Rural,53.2,9.1,0,Good,129.35
HSE46739,2359,5,5,1,2009,1,Suburban,13.3,8.7,1,Good,175.01
HSE31354,2557,3,3,1,2013,1,Suburban,15.8,8.3,0,Good,164.32
HSE54357,1562,3,3,1,2013,0,Suburban,10.6,,0,Excellent,131.66
HSE02234,2169,4,4,2,2006,1,Suburban,20.1,,1,Excellent,166.21
HSE62254,2396,4,3,1,1983,0,Suburban,28.3,7.7,1,Good,155.69
HSE61197,1857,4,4,1,2004,0,Suburban,17.3,6.9,1,Average,137.1
HSE62077,1572,3,2,3,1996,1,Suburban,12.0,3.3,0,Average,111.03
HSE44256,1728,3,2,1,1999,1,Rural,30.8,3.9,0,Good,110.14
HSE33160,1772,3,3,2,1991,0,Suburban,24.2,9.4,1,Excellent,149.24
HSE35998,3112,4,3,1,1992,1,Urban,7.6,3.5,0,Good,188.14
HSE08629,1867,4,4,3,2021,1,Suburban,27.9,9.9,0,Excellent,156.79
HSE19570,1619,3,3,1,2007,0,Urban,9.5,5.8,0,Good,129.7
HSE53757,2232,3,2,1,2021,1,Urban,9.9,8.6,0,Good,174.04
HSE30822,2160,2,2,1,2008,0,Suburban,20.8,9.1,0,Poor,121.44
HSE12831,1847,3,3,1,1972,0,Urban,3.1,3.3,0,Good,138.97
HSE46891,2098,4,3,2,1992,1,Urban,,7.6,0,Good,157.59
HSE62235,1472,3,2,1,1985,1,Suburban,11.6,5.4,1,Excellent,140.18
HSE73993,816,3,2,1,1978,1,Urban,4.7,9.7,0,Excellent,129.85
HSE83737,1231,4,4,1,2018,1,Urban,7.2,3.2,1,Average,145.53
HSE68177,2430,3,3,1,1990,1,Urban,8.6,8.9,0,Good,187.83
HSE13412,1004,3,3,2,1983,0,Rural,66.1,5.5,1,Good,74.87
HSE96622,2147,4,4,2,1998,1,Urban,6.8,5.0,0,Good,159.45
HSE02814,1415,2,2,1,1973,0,Rural,31.4,4.6,0,Good,75.59
HSE16123,2676,4,3,1,1989,0,Rural,,3.8,1,Average,113.16
HSE02075,1672,3,3,2,1981,1,Urban,4.2,3.0,0,Good,142.84
HSE00714,1568,3,3,1,1972,1,Urban,8.4,4.7,0,Average,115.15
HSE83296,2383,3,3,1,2002,0,Suburban,27.3,8.5,0,Good,157.38
HSE08594,2120,2,2,3,1994,1,Rural,60.1,,0,Good,87.15
HSE98805,2383,2,2,3,1981,0,Rural,34.6,4.6,1,Good,119.1
HSE03881,2474,3,2,2,1974,1,Suburban,10.8,9.3,1,Excellent,177.53
HSE03613,2376,5,5,1,2002,1,Urban,9.2,8.6,0,Good,195.18
HSE58882,1964,3,3,1,1985,0,Suburban,27.5,9.2,0,Excellent,145.8
HSE41070,963,5,5,1,1975,1,Urban,1.2,9.2,1,Good,148.26
HSE15897,2953,3,3,1,1975,0,Suburban,11.9,8.9,1,Good,181.0
HSE87258,1161,4,4,2,2012,0,Urban,3.7,7.9,1,Good,146.67
HSE60038,1837,2,2,1,1978,1,Rural,39.2,,0,Good,97.5
HSE53066,1217,3,2,1,1978,1,Rural,50.0,7.4,1,Good,99.96
HSE92934,656,2,2,2,2014,0,Urban,9.5,6.5,0,Good,109.72
HSE63727,1364,2,1,2,1986,1,Urban,2.0,4.7,0,Good,140.17
HSE45258,1497,3,2,3,2002,1,Rural,57.4,7.1,0,Excellent,95.1
HSE95326,1760,4,4,1,1983,1,Rural,58.7,3.6,1,Good,96.75
HSE19302,416,2,2,1,1992,0,Suburban,23.9,9.3,0,Good,73.09
HSE02269,1077,3,3,2,1978,0,Rural,51.1,9.6,1,Good,101.28
HSE57540,2771,3,3,1,2006,0,Suburban,20.9,3.1,1,Poor,135.56
HSE63318,1073,3,3,1,1992,1,Suburban,17.8,9.9,0,Excellent,116.07
HSE86160,2335,3,2,1,1970,1,Urban,5.2,4.2,0,Good,180.42
HSE29097,1828,2,1,2,2001,1,Suburban,13.0,8.5,0,Average,121.85
HSE83061,2267,2,2,1,1996,1,Suburban,26.4,4.0,0,Average,124.03
HSE31278,1350,3,2,3,1991,0,Suburban,25.1,5.5,1,Good,119.42
HSE23396,1698,3,3,2,2009,1,Urban,6.3,5.6,1,Good,151.07
HSE39295,2941,3,3,1,1970,1,Rural,71.1,6.3,1,Excellent,138.9
HSE06683,738,3,3,2,1999,0,Urban,9.7,4.8,1,Average,117.05
HSE73881,1446,4,3,2,2006,1,Suburban,19.0,8.2,0,Poor,127.71
HSE48335,1734,5,5,1,2014,1,Rural,31.5,6.1,1,Excellent,144.11
HSE83185,1746,4,4,3,1980,0,Rural,30.1,3.2,0,Average,101.15
HSE03471,1301,4,4,2,2001,0,Suburban,20.0,8.6,1,Excellent,142.47
HSE29470,1596,3,3,1,2004,0,Rural,45.1,9.3,0,Excellent,116.36
HSE33302,1524,3,3,2,1978,1,Suburban,19.6,5.4,0,Poor,111.96
HSE51398,1059,2,2,1,1971,1,Suburban,28.0,5.9,0,Average,93.64
HSE07549,1431,5,4,1,2009,0,Rural,76.0,3.6,1,Average,82.37
HSE41947,2482,4,3,1,2022,1,Suburban,13.9,3.6,0,Average,142.72
HSE39895,2210,1,1,2,1972,0,Urban,1.8,3.2,1,Good,151.52
HSE26737,2077,3,2,1,1976,1,Rural,37.1,4.6,1,Excellent,126.48
HSE25321,2057,2,1,1,2001,1,Suburban,28.3,3.6,1,Good,137.73
HSE17608,2201,3,2,2,1996,0,Suburban,17.3,3.4,0,Average,129.0
HSE65889,2220,3,2,1,2008,1,Urban,5.7,3.3,0,Excellent,170.63
HSE15184,1737,3,3,3,1997,1,Suburban,25.1,10.0,0,Good,161.13
HSE62786,879,4,3,1,2021,1,Urban,8.9,7.1,1,Excellent,134.37
HSE62316,1154,3,3,2,1991,0,Suburban,28.4,9.2,1,Average,106.16
HSE38205,1028,3,2,1,1977,0,Suburban,22.1,6.7,0,Excellent,94.62
HSE40675,1697,2,2,1,1994,1,Suburban,12.3,7.0,0,Good,125.67
HSE99246,1823,2,2,1,1983,0,Urban,5.9,,0,Average,133.31
HSE88425,2256,3,3,2,2018,1,Suburban,22.8,4.1,1,Average,159.27
HSE98406,1414,2,2,1,2012,1,Rural,39.9,5.3,0,Good,92.13
HSE68490,1100,2,2,1,1973,1,Urban,4.8,4.0,0,Good,121.46
HSE78387,951,2,1,1,2007,1,Suburban,14.9,4.4,0,Average,84.79
HSE73776,1393,2,1,1,2022,0,Suburban,14.2,3.5,0,Excellent,110.02
HSE60764,1955,5,5,1,1979,0,Suburban,22.1,8.4,0,Excellent,143.61
HSE49187,2388,4,4,1,1995,1,Suburban,13.4,6.4,0,Excellent,161.48
HSE29127,1481,4,4,1,2008,1,Urban,4.4,4.9,0,Average,131.59
HSE60534,1471,4,3,1,2009,0,Suburban,17.4,4.8,0,Poor,106.91
HSE31867,1202,2,2,2,1995,0,Urban,3.1,8.0,1,Average,136.03
HSE58808,936,3,3,1,2004,1,Urban,4.0,5.8,1,Excellent,142.38
HSE72693,1087,3,3,1,1997,1,Rural,,6.8,1,Average,105.49
HSE05736,1336,5,4,1,1978,1,Urban,1.0,8.7,0,Good,142.45
HSE05245,1650,2,1,1,1970,0,Suburban,19.3,6.5,0,Good,115.8
HSE99661,2149,3,3,1,2009,1,Suburban,20.9,,1,Average,142.3
HSE67266,1248,3,3,2,1994,1,Suburban,16.3,9.7,1,Good,148.94
HSE61466,1673,3,3,2,1985,1,Urban,3.6,8.8,0,Good,154.94
HSE02530,2176,2,1,1,1970,0,Suburban,24.4,5.3,0,Good,117.76
HSE64519,2582,3,3,2,2009,1,Urban,3.9,6.8,0,Excellent,191.56
HSE02305,2805,2,2,1,2022,1,Rural,41.1,8.3,1,Good,147.44
HSE96566,1567,3,3,2,1980,0,Urban,3.2,4.2,1,Average,120.75
HSE77690,420,2,2,1,2022,1,Rural,58.8,7.0,1,Good,78.54
HSE61649,1983,2,2,2,1978,1,Urban,4.4,9.6,1,Good,168.65
HSE27740,2869,3,2,1,1980,1,Suburban,21.9,8.0,0,Average,165.28
HSE39851,2347,3,3,1,2001,1,Urban,7.7,4.8,1,Good,179.11
HSE72086,1914,4,4,1,1987,0,Urban,2.4,5.1,0,Good,152.95
HSE41921,1823,3,3,1,2001,1,Rural,79.0,5.8,1,Average,98.8
HSE85437,2441,3,2,1,1975,1,Urban,8.4,9.9,0,Good,663.0020755751193
HSE24918,1764,2,1,1,2002,0,Rural,74.3,8.3,1,Average,86.1
HSE81928,1731,4,4,2,1978,1,Urban,3.9,7.3,0,Excellent,156.8
HSE89757,1431,3,2,1,2010,1,Rural,48.2,9.9,0,Good,111.05
HSE01318,1754,3,3,1,2020,1,Suburban,25.3,6.6,0,Good,135.17
HSE70049,2056,4,3,1,1978,1,Suburban,23.4,7.0,0,Good,138.39
HSE19282,2716,3,2,2,1987,1,Rural,65.2,7.9,0,Good,124.84
HSE57349,2171,5,5,3,1975,0,Suburban,22.4,3.3,1,Average,134.01
HSE16081,1961,3,2,2,1971,1,Urban,8.2,3.4,1,Good,158.72
HSE48991,2134,4,3,2,1980,1,Suburban,19.8,6.4,0,Average,140.38
HSE87000,2218,4,4,1,1978,1,Urban,9.5,3.2,1,Average,163.85
HSE22998,2736,2,2,3,2005,1,Urban,5.1,6.1,0,Good,167.1
HSE17767,1844,5,5,1,1980,0,Suburban,27.0,3.5,0,Excellent,130.5
HSE92107,914,3,2,1,2021,1,Suburban,18.3,6.1,0,Good,100.99
HSE81947,2069,3,3,1,1980,1,Suburban,19.4,7.5,1,Poor,136.61
HSE78234,1728,1,1,2,1995,1,Urban,4.8,8.9,1,Good,138.54
HSE60649,781,3,3,1,1980,0,Rural,59.3,6.2,0,Good,68.25
HSE71286,1491,2,1,2,1997,1,Suburban,19.2,4.2,0,Good,115.03
HSE81232,1715,5,5,1,2002,1,Suburban,20.8,9.0,1,Average,153.61
HSE30406,1975,2,2,2,1999,0,Suburban,13.3,9.1,1,Good,154.33
HSE72206,1520,4,4,2,1977,1,Urban,9.1,9.2,0,Average,146.9
HSE06354,1030,2,1,1,2022,1,Urban,7.7,9.6,0,Good,141.76
HSE13509,1714,3,2,1,2004,1,Urban,1.1,7.2,0,Excellent,161.47
HSE51283,2229,3,3,2,2021,1,Suburban,12.0,5.1,0,Excellent,148.9
HSE14921,2706,4,3,1,2008,0,Rural,50.5,7.2,0,Excellent,134.85
HSE23330,1819,5,5,1,1978,0,Urban,9.1,3.8,0,Good,160.83
HSE70747,1813,3,2,2,2009,1,Rural,48.8,6.5,0,Good,107.4
HSE08126,1960,2,2,2,1996,1,Suburban,28.2,8.1,1,Good,137.87
HSE31653,699,3,3,3,1973,0,Urban,3.9,7.5,0,Good,125.9
HSE18978,1362,4,4,1,1995,0,Urban,7.0,4.0,0,Excellent,149.43
HSE26353,2848,1,1,1,1991,1,Urban,4.9,3.2,0,Average,150.3
HSE90485,2223,2,1,2,2001,0,Urban,2.3,8.7,0,Good,154.55
HSE55403,1171,2,1,1,1975,1,Rural,50.5,4.8,0,Average,61.72
HSE22239,471,5,4,2,1995,1,Suburban,29.4,3.4,0,Excellent,88.69
HSE42787,1498,3,3,1,1978,1,Urban,4.1,8.4,1,Average,149.22
HSE52374,1861,3,3,2,1984,1,Urban,3.1,4.5,0,Excellent,154.54
HSE77728,2428,4,4,2,1993,1,Urban,3.3,8.1,1,Good,199.35
HSE02758,2252,2,2,1,2009,1,Urban,1.4,4.7,1,Excellent,170.36
HSE27901,936,2,2,2,1977,0,Suburban,28.9,,1,Excellent,90.37
HSE59488,2029,4,4,3,1978,1,Urban,10.0,6.0,1,Excellent,156.23
HSE06441,687,1,1,3,1999,1,Urban,1.2,3.6,0,Average,88.89
HSE11531,1540,3,3,3,2003,1,Urban,7.5,8.6,1,Good,167.22
HSE62245,1503,3,3,3,2014,1,Urban,1.3,5.3,1,Average,129.12
HSE92696,1807,4,3,1,2000,1,Suburban,29.1,7.9,0,Average,117.01
HSE91877,989,1,1,2,2004,1,Rural,47.5,8.0,1,Average,79.71
HSE90821,1326,3,3,1,1994,1,Urban,8.9,9.2,1,Average,131.58
HSE63965,1852,3,3,2,1998,1,Suburban,14.6,9.5,0,Good,146.76
HSE54751,1587,3,3,2,1999,1,Urban,6.0,9.1,0,Excellent,156.84
HSE39774,2026,2,1,1,2004,0,Urban,1.2,7.4,0,Good,137.02
HSE49487,1908,3,2,2,2009,1,Urban,8.2,7.0,1,Good,165.22
HSE09854,1614,2,1,2,1979,0,Urban,2.3,8.1,1,Average,137.44
HSE95343,1301,3,2,2,1992,1,Suburban,25.0,9.6,0,Average,106.56
HSE12659,2481,3,2,3,1983,1,Urban,9.7,3.5,0,Excellent,170.83
HSE45275,2209,4,4,2,2001,1,Suburban,21.4,,0,Good,148.73
HSE42934,1139,3,3,2,1985,0,Suburban,25.4,7.2,0,Good,111.45
HSE11254,1595,4,4,2,2017,1,Urban,1.9,8.6,1,Average,169.96
HSE57244,2359,4,4,1,1984,1,Suburban,23.7,5.3,0,Good,138.35
HSE93341,2393,4,4,2,2016,1,Rural,43.1,3.4,0,Excellent,142.73
HSE11079,1985,1,1,1,2007,1,Urban,1.5,4.4,1,Excellent,154.7
HSE02391,878,4,4,2,1987,1,Suburban,19.7,9.4,0,Excellent,131.38
HSE39170,1358,3,3,2,1972,0,Urban,1.7,6.0,0,Poor,115.89
HSE55504,2947,2,2,2,1975,1,Suburban,25.6,5.7,1,Excellent,162.93
HSE52293,873,4,3,1,1996,0,Urban,6.7,3.8,0,Average,101.23
HSE69667,1554,2,2,2,2000,1,Rural,48.1,7.6,0,Good,99.05
HSE11759,1681,3,2,3,1986,0,Urban,4.8,8.9,0,Good,139.3
HSE69114,1143,3,3,1,1974,0,Urban,2.9,4.4,0,Good,119.69
HSE33036,2127,3,3,1,1990,1,Urban,9.1,9.1,0,Average,158.44
HSE87507,1335,4,4,1,1978,0,Rural,68.1,9.8,1,Excellent,123.05
HSE47461,1909,3,2,1,2018,0,Suburban,16.2,8.3,1,Good,149.07
HSE68880,2447,3,2,2,1989,1,Urban,4.5,6.2,0,Poor,150.11
HSE80164,732,2,2,2,1995,1,Urban,5.4,3.2,0,Good,116.92
HSE10061,2182,3,2,3,1979,0,Suburban,22.9,7.9,1,Excellent,152.88
HSE43891,884,3,3,3,2002,1,Urban,4.6,6.1,0,Excellent,135.72
HSE97885,1418,3,3,3,1982,0,Rural,64.0,8.2,0,Average,74.91
HSE72530,1402,2,2,1,2004,1,Suburban,18.3,5.9,0,Good,113.61
HSE07689,1363,3,2,1,2004,1,Suburban,14.3,5.0,1,Good,123.02
HSE19410,1799,4,3,2,1996,1,Urban,9.4,9.2,0,Good,154.57
HSE63114,1638,4,4,1,1971,1,Rural,55.9,8.6,0,Good,103.01
HSE74564,1377,4,3,1,1990,1,Suburban,14.9,5.2,0,Average,104.0
HSE19054,2261,4,3,2,2000,1,Rural,60.3,6.3,1,Average,110.35
HSE53305,1823,1,1,1,1977,0,Suburban,22.1,,0,Good,98.45
HSE55220,1494,3,3,1,2020,1,Suburban,24.0,7.6,1,Excellent,145.64
HSE73194,2412,2,2,2,1988,1,Rural,31.9,9.5,1,Good,152.16
HSE58604,1096,4,3,1,1998,1,Suburban,19.5,4.7,0,Average,107.09
HSE16792,1539,3,3,2,2017,1,Suburban,17.2,7.3,0,Good,116.78
HSE71697,1364,5,4,1,1971,1,Rural,62.0,3.6,1,Excellent,102.49
HSE13431,1892,3,3,1,1996,0,Suburban,14.7,5.6,1,Average,150.37
HSE92783,2455,4,3,1,2014,0,Urban,3.7,3.9,0,Excellent,181.23
HSE75900,2025,4,4,2,2009,0,Urban,6.9,4.4,1,Average,148.59
HSE76197,1504,4,4,1,1989,1,Urban,9.5,4.5,1,Good,154.3
HSE70544,2202,2,1,3,2012,0,Urban,8.0,4.8,1,Good,148.89
HSE48782,400,5,4,1,2022,0,Rural,34.3,6.9,0,Good,74.62
HSE27001,2164,2,1,1,1998,1,Suburban,25.8,4.5,0,Excellent,140.91
HSE79907,1714,3,3,1,1970,1,Rural,63.1,7.8,0,Good,105.48
HSE23804,1874,3,3,1,1992,0,Suburban,29.9,9.9,1,Good,140.22
HSE49880,2017,1,1,2,2002,1,Suburban,10.8,6.6,1,Good,147.51
HSE93282,1463,4,4,2,1975,1,Suburban,13.7,9.2,1,Good,146.61
HSE19578,1820,4,4,1,2019,1,Urban,5.2,9.7,1,Excellent,176.31
HSE21847,2406,3,3,2,2019,0,Suburban,15.9,9.6,0,Excellent,174.67
HSE33394,2139,2,1,1,2022,1,Suburban,,7.1,1,Good,145.71
HSE81235,1964,4,3,2,1988,0,Suburban,28.6,9.8,1,Good,166.45
HSE70907,1632,4,3,1,1985,1,Suburban,27.0,,0,Excellent,136.9
HSE94729,2549,4,4,2,1987,1,Suburban,27.5,9.0,0,Good,161.42
HSE49430,1667,3,3,1,2018,1,Rural,,3.3,1,Average,104.24
HSE27375,1388,4,3,1,2008,0,Rural,70.7,8.6,1,Good,101.09
HSE65262,2476,4,3,2,2011,1,Suburban,17.8,6.2,1,Good,160.95
HSE35348,1512,3,2,1,2006,1,Urban,6.2,6.2,0,Excellent,150.82
HSE66939,1695,3,3,2,1993,0,Suburban,23.4,9.7,0,Average,125.82
HSE17873,2483,3,2,2,2004,1,Rural,45.5,7.1,0,Good,118.08
HSE58184,3042,2,2,1,1992,0,Rural,46.5,8.2,0,Good,125.39
HSE02676,2134,2,2,1,1971,0,Urban,6.9,8.5,1,Good,154.94
HSE19554,1380,5,5,1,1976,1,Rural,,3.1,1,Excellent,97.47
HSE04048,1021,2,2,2,1993,0,Suburban,29.6,7.5,1,Average,84.04
HSE23439,1699,3,2,1,1993,1,Urban,3.3,5.3,1,Average,135.38
HSE78209,2509,3,3,1,2016,1,Rural,,7.7,0,Average,132.97
HSE69024,2255,2,1,2,2016,0,Urban,5.1,8.8,0,Excellent,171.25
HSE55032,1914,3,3,1,1991,1,Urban,4.9,4.7,1,Average,157.45
HSE11071,2132,3,3,1,2004,1,Suburban,15.2,4.2,1,Excellent,144.21
HSE27490,1302,4,4,1,1999,1,Rural,34.4,6.7,0,Average,101.44
HSE43223,1693,2,2,1,2010,1,Suburban,22.5,7.2,0,Average,126.78
HSE82905,2973,1,1,1,2013,1,Suburban,11.8,6.8,1,Average,169.87
HSE88316,1498,3,3,1,1972,1,Urban,8.5,6.6,0,Poor,122.46
HSE50042,2327,2,1,2,2004,1,Urban,6.5,4.4,1,Good,163.7
HSE87532,1825,3,3,1,2019,1,Urban,7.6,8.0,1,Average,158.12
HSE90941,1461,3,3,2,2002,0,Rural,63.5,3.9,0,Good,400.10287222351
HSE39034,1809,3,3,1,2019,0,Suburban,27.0,5.4,0,Average,112.73
HSE52936,1666,3,3,1,1985,0,Urban,7.5,9.4,0,Average,140.75
HSE65949,1812,2,1,1,1998,0,Rural,41.7,9.2,0,Good,98.74
HSE87708,1813,3,3,1,1981,0,Suburban,20.9,9.7,0,Good,125.89
HSE01130,1556,2,2,2,1972,0,Rural,56.0,8.2,0,Average,81.76
HSE56145,2009,5,5,1,2012,1,Urban,2.2,3.6,0,Average,155.6
HSE39345,1398,4,4,2,1981,0,Urban,5.6,3.4,1,Good,134.78
HSE47526,2231,4,4,3,1977,1,Rural,36.5,6.6,0,Excellent,132.3
HSE49993,2677,1,1,2,1993,0,Suburban,14.2,4.1,0,Good,138.24
HSE75417,1002,4,3,1,1970,1,Urban,2.2,9.0,1,Poor,130.86
HSE59695,1265,3,3,3,2014,0,Urban,9.9,10.0,0,Good,152.5
HSE70011,1655,3,2,2,1975,1,Suburban,10.6,6.2,1,Average,132.68
HSE60917,1196,2,2,1,1975,1,Urban,6.3,9.1,0,Average,134.95
HSE07362,950,3,3,1,2016,1,Urban,8.7,3.6,1,Average,131.56
HSE72821,2177,4,4,1,1984,1,Suburban,25.7,7.1,0,Average,135.55
HSE41279,2265,3,2,1,2004,1,Rural,50.9,6.4,0,Average,99.97
HSE50354,2418,3,3,3,1979,1,Rural,30.5,4.3,0,Average,136.93
HSE03314,2214,3,3,1,2003,1,Rural,32.1,7.6,0,Good,128.48
HSE89366,1220,2,2,2,1976,1,Suburban,25.2,3.6,0,Average,80.0
HSE57348,1387,3,3,1,2017,0,Rural,45.1,5.3,0,Good,74.15
HSE23374,1378,4,3,1,2016,1,Urban,3.2,,1,Good,170.27
HSE74738,1926,4,4,3,2021,1,Suburban,26.9,5.0,1,Average,146.29
HSE14667,1857,4,4,1,1992,0,Urban,7.0,3.6,0,Average,129.02
HSE87633,1242,3,3,1,1989,1,Rural,50.9,4.0,1,Excellent,95.21
HSE16010,2734,4,4,3,2011,1,Suburban,28.7,8.2,0,Excellent,173.2
HSE82681,1939,2,2,2,1980,1,Suburban,11.9,3.4,1,Good,136.16
HSE03495,1104,3,3,2,1977,0,Suburban,28.9,7.2,1,Good,99.61
HSE25834,2465,5,4,1,2001,0,Suburban,14.1,3.3,0,Excellent,166.26
HSE70722,2633,3,3,1,1982,1,Urban,4.9,7.3,0,Average,181.06
HSE13072,2281,2,2,1,1977,1,Suburban,17.9,7.5,1,Excellent,161.63
HSE13804,1683,2,2,1,1997,1,Rural,,5.9,1,Average,76.65
HSE22020,705,3,2,2,1981,1,Rural,66.1,7.3,1,Average,57.89
HSE06625,1906,4,3,1,1972,1,Suburban,26.3,5.1,0,Average,123.9
HSE37726,2088,4,4,2,1995,1,Suburban,20.3,5.3,0,Good,146.97
HSE57133,2094,3,3,1,1970,1,Rural,63.5,7.0,1,Average,114.28
HSE19904,934,4,4,3,1980,0,Rural,65.9,7.2,1,Excellent,86.75
HSE60397,1466,3,2,1,1974,1,Suburban,29.9,3.1,1,Average,96.59
HSE53222,1361,3,2,2,1984,1,Suburban,27.9,8.2,0,Average,110.51
HSE83721,1216,3,3,1,2000,1,Suburban,16.6,3.8,0,Average,85.33
HSE71522,1951,5,4,1,1973,0,Suburban,17.7,8.8,0,Average,137.86
HSE40439,723,2,2,3,2002,1,Urban,3.3,4.5,1,Excellent,124.25
HSE59524,2060,3,2,1,2017,1,Urban,8.5,6.6,1,Good,167.04
HSE86025,2025,2,1,3,1986,0,Urban,4.0,7.9,0,Good,163.38
HSE71563,2286,2,2,1,1971,1,Suburban,18.0,5.8,0,Good,124.25
HSE99977,2512,2,1,1,1998,0,Rural,73.4,6.8,0,Good,97.69
HSE06615,1714,3,3,2,2019,1,Urban,3.7,3.5,1,Average,149.02
HSE36952,2642,3,3,1,2003,1,Urban,8.4,4.4,0,Average,157.05
HSE42762,2410,3,2,1,1976,0,Suburban,18.0,9.3,1,Good,155.04
HSE21369,1570,3,3,2,1977,1,Urban,7.3,6.5,0,Average,139.52
HSE16741,903,3,2,3,2004,1,Suburban,27.9,3.6,0,Good,105.18
HSE11298,1655,3,2,1,1976,1,Rural,75.4,4.5,0,Average,74.2
HSE32122,1735,3,3,2,1997,1,Suburban,18.2,4.5,0,Good,122.34
HSE34380,2063,4,3,1,2013,1,Urban,4.2,9.0,1,Good,180.75
HSE89496,2553,3,3,1,1973,0,Rural,36.9,5.2,0,Excellent,113.7
HSE43278,1106,4,4,1,1977,1,Suburban,16.5,7.3,1,Poor,114.65
HSE78797,1449,3,2,3,2010,1,Rural,65.2,10.0,0,Good,102.2
HSE36527,1946,1,1,1,1975,1,Suburban,15.6,5.2,0,Average,119.24
HSE73630,968,1,1,2,1975,0,Rural,71.1,6.9,0,Good,46.9
HSE31671,1446,1,1,2,2001,1,Rural,73.5,8.9,1,Poor,60.81
HSE73544,1452,4,4,1,1998,0,Urban,6.3,9.5,0,Good,144.0
HSE97191,740,2,2,1,1983,0,Suburban,29.1,9.9,0,Average,89.4
HSE92388,1808,3,3,2,1981,0,Urban,3.6,5.9,0,Good,138.09
HSE46308,1426,4,4,1,2011,1,Rural,38.3,5.5,0,Good,99.24
HSE53272,1934,4,4,1,1997,0,Urban,2.7,7.8,1,Excellent,164.05
HSE38999,1976,2,1,1,2020,0,Suburban,27.9,10.0,1,Good,142.4
HSE76960,1953,4,3,2,1994,1,Suburban,18.8,4.2,0,Poor,129.57
HSE95015,2279,2,2,2,1970,0,Suburban,12.3,5.8,1,Average,141.16
HSE39205,2052,3,2,2,1982,0,Rural,40.1,7.4,1,Poor,107.36
HSE02174,1605,3,2,1,2007,1,Urban,1.4,8.4,1,Good,156.22
HSE90855,1084,1,1,1,2012,1,Suburban,26.3,5.0,1,Good,104.82
HSE61152,400,5,4,1,2006,1,Urban,9.8,6.9,1,Average,105.81
HSE88799,1635,3,3,2,1993,1,Urban,7.3,6.7,0,Average,138.16
HSE92361,940,2,1,1,1991,1,Rural,79.1,5.0,0,Poor,40.99
HSE72333,1848,4,3,2,1999,1,Rural,55.4,4.6,0,Excellent,117.77
HSE23390,2844,3,3,1,2008,1,Urban,8.5,9.8,1,Good,202.7
HSE93960,450,4,4,1,2016,1,Suburban,28.2,3.9,1,Average,95.0
HSE52032,1234,2,2,1,1976,1,Rural,45.4,6.7,0,Average,72.77
HSE14891,978,2,2,1,2001,1,Suburban,14.0,5.4,1,Excellent,110.26
HSE04935,1320,3,3,1,1994,1,Suburban,27.2,7.2,0,Good,114.55
HSE07060,2038,3,3,1,2011,0,Suburban,12.9,3.0,1,Poor,117.42
HSE21955,1628,3,3,1,2016,1,Urban,6.7,7.3,0,Poor,152.0
HSE94124,1126,4,3,1,2005,1,Suburban,12.9,3.1,0,Good,106.42
HSE79977,1896,5,4,2,1993,1,Suburban,11.4,4.1,0,Average,125.67
HSE27604,1709,3,2,2,2017,1,Urban,7.2,9.2,0,Average,136.55
HSE11404,2181,4,4,2,2003,0,Rural,43.6,6.4,1,Average,119.44
HSE84115,1977,2,1,2,1974,1,Suburban,26.3,7.6,0,Good,123.43
HSE30446,2342,3,2,1,2019,0,Suburban,28.2,7.4,1,Good,144.52
HSE71867,1229,5,5,2,1999,1,Urban,7.5,7.0,1,Good,153.71
HSE64585,1268,4,4,1,1994,0,Urban,1.2,4.7,1,Good,152.53
HSE62625,1763,2,2,2,1997,1,Urban,8.8,9.2,0,Poor,135.88
HSE10302,2182,4,3,1,2018,0,Suburban,23.9,5.6,0,Good,147.81
HSE32756,1473,4,4,1,2003,1,Rural,66.3,9.7,1,Good,89.24
HSE91790,935,4,4,2,1995,1,Urban,5.9,4.9,0,Poor,107.56
HSE45949,1673,3,2,2,1984,1,Suburban,15.3,9.8,0,Average,140.16
HSE47375,2572,3,3,2,1977,1,Rural,50.6,7.1,1,Good,135.73
HSE87710,3604,3,3,2,1972,1,Urban,5.7,7.0,1,Good,214.84
HSE94682,1656,2,2,1,1986,1,Rural,68.6,9.9,0,Good,91.68
HSE09458,1915,4,4,2,2022,1,Suburban,28.6,5.3,0,Average,126.15
HSE08945,400,4,4,1,1985,0,Urban,1.4,8.2,1,Average,117.42
HSE43794,2586,4,3,2,2011,0,Suburban,17.1,4.5,1,Good,156.51
HSE24924,2071,3,2,1,1981,1,Suburban,29.9,3.8,1,Average,137.14
HSE20653,2155,3,2,1,2009,1,Urban,7.3,4.6,0,Good,154.13
HSE78549,2330,2,2,1,1989,1,Suburban,29.7,3.5,0,Average,128.14
HSE30504,1520,3,3,1,2022,1,Urban,1.5,9.7,1,Excellent,184.66
HSE34201,2433,3,3,1,2004,1,Rural,40.7,8.3,1,Good,131.96
HSE68349,2025,3,3,2,2022,1,Urban,2.0,8.3,0,Excellent,188.3
HSE54500,1293,3,2,3,2019,1,Suburban,14.9,9.2,1,Excellent,143.66
HSE80344,1476,3,3,2,2007,1,Suburban,11.2,4.2,0,Good,120.1
HSE30151,745,4,3,1,2017,1,Suburban,10.9,5.8,1,Average,92.74
HSE99077,1007,3,3,1,1993,1,Suburban,15.9,9.9,1,Poor,110.8
HSE78364,2076,3,2,2,2014,0,Suburban,26.5,4.2,0,Good,129.15
HSE80073,2271,1,1,1,1977,0,Suburban,13.1,3.8,0,Average,108.13
HSE66043,2492,2,1,1,2010,0,Urban,3.8,4.2,0,Good,157.33
HSE28048,2342,2,2,2,1989,1,Urban,3.6,4.9,1,Excellent,172.62
HSE50615,2011,3,3,2,2016,0,Suburban,29.8,3.7,1,Good,147.97
HSE14989,1417,2,2,1,2009,1,Suburban,12.5,8.6,1,Average,135.27
HSE77327,1669,2,2,3,2017,1,Suburban,13.2,5.1,0,Good,116.52
HSE58542,1101,3,3,1,2019,0,Suburban,27.4,4.5,1,Good,106.64
HSE18594,1433,2,1,1,1977,1,Urban,6.0,9.7,0,Average,125.79
HSE61060,2173,5,5,1,2017,0,Urban,10.0,6.9,1,Good,172.43
HSE55037,2576,3,3,1,1985,1,Rural,65.5,9.3,1,Average,125.1
HSE68127,2004,3,3,2,2009,0,Suburban,14.2,8.4,0,Average,147.91
HSE46574,1764,1,1,1,1970,1,Suburban,19.2,6.5,1,Good,124.92
HSE45867,2031,3,3,2,2006,1,Suburban,28.6,6.6,0,Good,138.6
HSE45988,2518,2,1,2,2013,1,Rural,55.2,6.7,0,Good,123.72
HSE88912,1896,3,3,1,1986,1,Rural,63.6,6.2,0,Excellent,102.73
HSE55006,1533,3,2,1,2005,0,Rural,34.7,4.8,1,Excellent,120.54
HSE74477,2053,4,4,2,1978,0,Urban,9.6,6.5,1,Good,180.27
HSE63519,2327,4,4,2,2017,0,Suburban,22.4,9.2,1,Good,157.23
HSE13959,1873,2,2,1,1999,0,Urban,5.0,3.7,1,Good,152.36
HSE51836,1495,3,3,2,2002,1,Suburban,26.1,3.9,0,Excellent,126.34
HSE62281,2143,3,3,1,1973,1,Suburban,21.7,4.8,0,Good,131.79
HSE53946,1894,2,1,1,1990,1,Suburban,26.3,3.3,1,Good,116.89
HSE88311,2141,4,3,1,1980,0,Rural,57.9,8.1,0,Average,109.68
HSE61687,1186,3,3,2,2002,1,Urban,5.4,7.5,1,Poor,137.63
HSE22422,2567,4,3,3,2001,0,Rural,77.1,5.0,0,Good,104.1
HSE45717,1624,2,2,2,2022,0,Suburban,13.0,9.7,0,Good,133.43
HSE03751,2293,3,3,1,1974,1,Urban,1.6,5.4,0,Good,168.4
HSE31379,2335,3,2,3,1996,1,Urban,4.3,7.0,0,Poor,155.21
HSE17376,1984,4,3,1,1990,1,Rural,40.0,3.1,1,Average,106.58
HSE84439,1600,2,1,1,1989,0,Urban,7.9,7.3,0,Average,126.04
HSE25599,1495,4,3,1,1976,1,Urban,2.8,8.6,0,Good,139.55
HSE48698,1187,3,3,1,1993,1,Urban,5.9,8.3,1,Excellent,152.61
HSE31421,1576,4,4,2,2005,1,Rural,31.1,9.3,1,Good,123.47
HSE28049,1487,3,2,2,1986,0,Urban,1.1,7.0,1,Good,136.54
HSE93281,1541,4,3,1,2001,1,Suburban,25.0,6.2,1,Good,135.88
HSE07755,1766,4,3,1,2008,1,Urban,9.3,,0,Excellent,182.06
HSE72820,1150,4,3,1,1985,1,Suburban,12.7,6.2,0,Excellent,118.85
HSE17084,951,3,3,2,2005,1,Suburban,21.6,3.0,0,Average,92.3
HSE47625,1311,3,3,1,1973,1,Rural,41.6,7.0,1,Excellent,105.92
HSE28850,2338,4,3,1,2000,1,Urban,6.8,6.5,1,Excellent,193.17
HSE68851,2070,3,2,2,2009,0,Urban,4.6,4.7,1,Average,151.72
HSE40309,1396,4,4,1,1985,1,Suburban,24.8,9.5,1,Good,131.97
HSE07813,2265,3,2,1,2005,0,Suburban,21.7,6.2,0,Good,140.7
HSE19681,1980,3,3,1,2001,1,Suburban,12.3,8.1,0,Good,145.45
HSE89348,1268,3,2,1,2022,1,Suburban,20.1,4.6,0,Poor,104.02
HSE37787,1602,3,2,2,1974,0,Suburban,16.7,3.3,1,Excellent,119.83
HSE27734,1788,5,4,1,1974,0,Rural,63.7,,1,Average,109.21
HSE35045,2093,3,3,3,2016,0,Urban,1.7,3.7,0,Good,161.93
HSE45674,2765,4,4,1,1979,1,Rural,59.5,8.2,1,Average,143.45
HSE42046,1437,4,3,1,2021,1,Suburban,23.7,8.9,1,Average,125.83
HSE45896,1918,3,3,1,1989,1,Suburban,27.1,4.0,1,Excellent,143.26
HSE05317,2084,1,1,2,2019,1,Rural,64.3,6.1,1,Good,107.38
HSE48046,1184,2,2,1,2013,0,Suburban,19.2,7.8,1,Good,118.1
HSE12138,1664,4,3,2,2007,1,Suburban,27.0,7.2,0,Average,114.16
HSE78308,2098,3,3,1,1996,0,Urban,4.1,3.2,1,Average,162.83
HSE64813,1054,3,3,1,2016,0,Suburban,22.6,9.1,0,Excellent,120.65
HSE67189,2011,5,5,2,1995,1,Suburban,15.5,8.2,0,Good,161.67
HSE43467,1594,3,2,1,1978,0,Suburban,29.7,3.5,1,Good,107.84
HSE00311,1943,2,1,1,2002,0,Suburban,26.5,9.4,0,Poor,113.82
HSE86562,2602,3,2,2,1992,0,Suburban,22.3,9.0,1,Good,160.7
HSE00417,2086,4,4,1,1984,1,Rural,49.0,4.9,1,Poor,109.13
HSE53078,1546,3,3,1,2020,1,Rural,51.8,3.3,0,Excellent,99.79
HSE69823,1824,3,3,2,2004,0,Urban,2.5,9.2,0,Good,160.61
HSE89959,1909,4,3,3,2018,1,Urban,1.5,6.6,1,Average,151.9
HSE05230,2355,3,2,2,1971,1,Suburban,23.1,8.5,1,Excellent,152.65
HSE91897,789,4,3,1,1984,0,Suburban,15.8,6.3,0,Average,96.87
HSE66105,1153,3,3,2,1990,1,Urban,6.0,6.2,1,Good,136.75
HSE47847,2166,3,3,1,1993,1,Urban,9.5,3.2,1,Poor,156.73
HSE06977,2304,5,5,2,1985,1,Rural,36.0,4.0,0,Average,135.25
HSE11158,624,3,2,2,2000,1,Rural,41.6,9.4,0,Average,61.73
HSE92802,1723,3,2,2,2020,1,Suburban,15.0,7.3,0,Good,139.78
HSE70838,1789,3,3,2,2007,1,Rural,65.2,3.5,0,Good,90.91
HSE46639,995,3,3,1,2011,0,Urban,4.5,4.0,1,Good,115.66
HSE54786,2092,3,2,1,1985,0,Urban,6.8,8.6,1,Excellent,178.48
HSE81571,2272,3,3,2,1978,1,Urban,5.1,7.1,0,Excellent,182.41
HSE34932,1577,2,1,1,2000,1,Suburban,24.2,8.5,0,Excellent,128.3
HSE12614,1647,2,2,1,2004,1,Urban,3.5,5.8,1,Average,148.76
HSE96644,1599,4,4,2,1985,0,Urban,2.7,9.0,1,Good,168.28
HSE94629,1790,2,2,1,1981,1,Suburban,16.7,5.6,0,Average,100.95
HSE22807,1668,3,3,1,1988,0,Suburban,19.7,8.2,0,Good,129.61
HSE69002,2243,4,4,1,2013,1,Suburban,29.1,5.2,0,Good,147.38
HSE95717,1030,3,2,1,1983,1,Urban,1.1,6.0,0,Excellent,123.9
HSE54036,1569,5,5,1,2008,0,Suburban,19.8,4.3,0,Average,124.16
HSE07698,1654,2,1,1,1987,0,Suburban,23.1,7.5,0,Poor,103.19
HSE15231,1818,5,5,1,2007,1,Suburban,27.4,8.3,0,Excellent,164.64
HSE30373,1557,4,4,3,2007,1,Suburban,20.9,7.3,1,Poor,127.42
HSE41509,2412,3,3,1,2001,0,Suburban,20.1,,0,Excellent,138.42
HSE84094,2123,2,1,3,1989,1,Urban,9.0,8.5,0,Average,143.09
HSE19940,2238,1,1,2,2009,0,Suburban,25.5,9.4,0,Average,137.55
HSE50368,1943,3,2,1,2010,1,Urban,2.2,,0,Excellent,161.12
HSE25526,1444,3,2,2,1992,1,Suburban,26.2,7.0,1,Good,124.09
HSE49697,2409,3,3,2,1980,1,Urban,8.2,8.4,0,Average,171.49
HSE20003,400,3,2,2,2014,1,Suburban,10.4,5.9,1,Good,91.01
HSE66692,1993,4,3,2,1978,0,Urban,5.0,8.7,0,Average,158.05
HSE86930,935,2,2,1,2000,0,Suburban,11.3,5.9,0,Good,103.91
HSE94867,2700,4,3,1,2022,0,Suburban,19.3,4.8,1,Excellent,151.65
HSE65748,2415,4,3,2,1996,1,Rural,52.7,8.8,0,Poor,128.08
HSE75392,2605,3,3,1,1994,0,Urban,5.9,3.2,0,Average,156.0
HSE73975,1832,5,4,3,2000,0,Urban,9.2,8.6,1,Average,159.53
HSE88137,2209,4,4,1,1985,0,Suburban,10.2,8.6,0,Average,140.3
HSE80316,2449,3,2,1,2004,1,Suburban,10.4,8.8,0,Good,167.41
HSE12723,1348,4,3,2,1988,0,Suburban,,5.9,0,Good,113.97
HSE78664,2183,3,3,1,1982,1,Urban,9.9,4.1,1,Average,157.75
HSE98672,1823,3,3,2,2014,0,Suburban,20.8,3.3,1,Good,126.65
HSE81949,2409,2,1,2,1980,1,Suburban,12.9,4.0,0,Average,135.82
HSE37017,2047,3,2,1,1974,1,Suburban,20.0,6.4,0,Excellent,136.4
HSE56913,1056,3,3,2,2004,1,Suburban,25.3,4.6,0,Excellent,114.49
HSE96254,2272,5,5,1,1993,0,Urban,3.2,9.1,1,Good,177.93
HSE85398,2486,3,3,1,2001,1,Rural,43.0,9.7,0,Good,136.86
HSE30954,2009,2,2,3,2010,0,Suburban,18.8,9.2,0,Good,134.61
HSE37277,2085,4,4,2,1970,1,Urban,8.4,6.2,0,Poor,144.45
HSE41458,1285,4,4,1,1983,1,Suburban,19.2,5.2,1,Average,117.48
HSE43372,919,3,3,1,2012,1,Urban,5.0,4.5,0,Good,119.89
HSE92133,2314,4,4,1,1973,0,Suburban,10.5,9.2,1,Good,173.01
HSE76316,1930,3,3,2,2015,1,Urban,1.8,6.6,0,Average,153.76
HSE27826,2237,4,4,1,1991,1,Urban,8.2,4.6,0,Average,169.69
HSE25301,2273,3,3,2,1975,0,Suburban,28.0,9.2,0,Average,122.79
HSE89888,561,4,4,3,1974,1,Suburban,11.8,5.8,1,Average,105.29
HSE19718,2268,4,4,1,1986,1,Urban,2.1,3.5,1,Good,175.63
HSE89968,2587,4,4,2,1989,1,Urban,1.7,9.1,1,Excellent,208.39
HSE70477,721,4,3,3,2003,1,Suburban,27.5,9.6,1,Good,104.07
HSE05799,1045,2,1,1,2011,0,Urban,5.5,5.7,0,Good,120.8
HSE55888,2205,5,5,1,2010,1,Suburban,12.1,3.4,0,Good,155.76
HSE88301,831,3,3,2,1976,0,Suburban,27.8,4.1,0,Good,86.24
HSE24771,1172,3,3,2,1994,0,Suburban,15.9,7.3,0,Excellent,568.6443583913109
HSE55566,3306,4,3,1,2002,0,Rural,75.0,3.4,0,Average,121.59
HSE59734,1606,3,3,1,2004,1,Urban,9.9,4.0,0,Average,138.3
HSE15178,1940,4,3,1,2017,1,Rural,34.4,9.2,1,Good,135.01
HSE08868,660,2,2,1,1975,1,Suburban,19.1,7.5,0,Good,82.38
HSE48946,1643,4,4,2,1981,1,Urban,5.4,7.3,1,Good,144.98
HSE23434,1431,5,5,2,1976,1,Rural,65.0,5.1,0,Good,76.35
HSE32118,1814,2,1,2,2012,0,Suburban,10.9,9.0,0,Average,117.27
HSE06105,1694,3,3,1,2021,1,Urban,9.7,7.2,1,Average,156.98
HSE91987,1247,4,3,1,2010,1,Urban,1.7,4.7,0,Average,124.82
HSE61825,1382,3,3,1,2011,0,Suburban,12.0,3.9,0,Good,129.87
HSE57121,2132,3,3,1,2016,1,Urban,9.2,7.4,1,Good,176.61
HSE12245,2790,2,1,1,2009,1,Suburban,12.7,7.8,1,Average,174.71
HSE92107,2013,4,3,2,2007,0,Suburban,20.5,6.6,1,Good,150.39
HSE10657,2637,3,3,1,1985,1,Urban,5.3,6.4,0,Good,185.55
HSE39125,1863,2,1,1,2021,0,Rural,43.0,5.1,0,Excellent,99.55
HSE71710,907,5,4,1,2008,1,Urban,2.9,3.4,0,Excellent,143.31
HSE67301,1689,3,3,2,1994,1,Urban,,5.5,0,Good,148.43
HSE54272,1931,5,5,2,2018,0,Urban,5.4,9.1,0,Average,154.51
HSE95919,1770,5,5,1,1987,1,Rural,57.7,7.1,0,Average,118.74
HSE81202,2174,2,2,1,1978,1,Suburban,27.3,5.7,0,Average,123.91
HSE17248,2482,2,2,1,1991,0,Suburban,22.0,6.6,1,Excellent,150.98
HSE89637,1976,4,4,1,1985,0,Suburban,12.7,8.8,0,Good,140.36
HSE59181,1502,2,1,2,1975,1,Rural,76.3,6.8,0,Good,81.45
HSE94623,1274,4,3,2,1977,1,Suburban,15.3,9.7,1,Poor,128.39
HSE38349,1049,4,4,1,1979,1,Urban,6.2,6.6,1,Excellent,149.45
HSE02172,1092,5,5,2,1970,1,Suburban,16.0,8.4,1,Good,125.23
HSE67122,644,4,3,2,1999,1,Suburban,27.2,8.6,0,Good,118.26
HSE14674,3058,2,2,2,1975,0,Suburban,23.1,9.4,0,Excellent,154.66
HSE07676,1688,3,3,3,1994,0,Suburban,20.5,7.7,0,Poor,118.49
HSE20435,1892,3,3,1,1990,1,Urban,6.3,7.4,0,Good,173.62
HSE37768,1599,3,3,2,1988,0,Rural,38.3,5.3,0,Good,112.97
HSE28155,1987,3,3,1,1999,1,Urban,2.4,8.6,1,Average,170.87
HSE66974,459,3,2,1,1989,1,Rural,56.3,3.7,0,Good,51.04
HSE56854,1458,2,2,1,2018,1,Suburban,20.6,8.3,0,Good,123.11
HSE95238,1511,4,4,1,1995,0,Urban,6.0,5.9,0,Good,141.42
HSE82982,1361,3,3,1,1993,0,Suburban,24.0,7.0,0,Average,95.09
HSE55092,889,5,5,1,2007,1,Suburban,24.3,5.5,1,Good,119.39
HSE49627,1830,4,4,1,1985,0,Rural,43.7,9.2,1,Average,118.43
HSE57347,1996,2,2,2,1983,0,Urban,8.9,9.8,0,Good,149.37
HSE11735,1412,1,1,2,2008,0,Urban,8.2,4.8,0,Average,116.84
HSE41950,1025,3,3,1,1982,0,Suburban,10.7,4.0,1,Good,98.72
HSE32183,2562,4,4,3,2018,0,Urban,5.3,4.7,1,Good,170.02
HSE92115,1429,5,4,1,2003,1,Suburban,23.1,5.5,1,Excellent,144.27
HSE19501,1415,2,1,2,2006,1,Urban,8.4,8.1,0,Good,139.99
HSE71880,1534,2,2,2,1980,1,Rural,71.3,6.1,1,Good,88.37
HSE60906,868,2,1,2,1972,1,Suburban,26.9,9.6,1,Average,102.43
HSE25576,2578,5,4,2,2012,1,Rural,49.1,8.1,1,Average,141.96
HSE24912,1702,2,1,1,1992,1,Urban,2.3,7.5,0,Average,140.46
HSE97520,1643,2,1,2,1990,1,Urban,1.0,8.1,0,Good,142.46
HSE88382,2694,4,4,1,2022,0,Suburban,16.2,8.8,1,Average,174.92
HSE06634,1858,3,3,2,1993,1,Suburban,29.2,7.0,1,Average,137.63
HSE29941,1292,2,2,1,1985,1,Urban,1.7,,0,Excellent,132.56
HSE93978,904,4,4,1,1993,0,Urban,,3.5,0,Average,107.17
HSE18508,2817,3,3,2,2001,1,Urban,2.3,8.9,0,Good,184.59
HSE47841,1992,4,4,2,2014,1,Suburban,15.5,3.9,1,Good,168.38
HSE01972,1859,2,1,1,1987,1,Rural,57.0,3.5,0,Good,89.14
HSE61397,3056,3,3,2,1970,1,Suburban,15.3,3.2,1,Good,171.21
HSE11266,3019,3,2,3,2006,1,Urban,5.8,5.3,1,Good,209.01
HSE71203,1294,5,4,1,2012,0,Urban,,8.7,0,Average,147.25
